TRUNCATE TABLE `teams`;
TRUNCATE TABLE `sponsors`;
TRUNCATE TABLE `match_types`;
TRUNCATE TABLE `match_type_game_rules`;
TRUNCATE TABLE `board_members`;

TRUNCATE TABLE `game_awards`;
TRUNCATE TABLE `game_results`;
TRUNCATE TABLE `match_results`;
TRUNCATE TABLE `players`;
TRUNCATE TABLE `seasons`;
TRUNCATE TABLE `season_teams`;
TRUNCATE TABLE `season_team_players`;
TRUNCATE TABLE `season_team_payments`;
TRUNCATE TABLE `season_player_payments`;
TRUNCATE TABLE `season_matches`;
TRUNCATE TABLE `season_weeks`;
TRUNCATE TABLE `stats_awards`;
TRUNCATE TABLE `stats_matches`;
TRUNCATE TABLE `stats_player_games`;
TRUNCATE TABLE `stats_team_games`;


LOCK TABLES `teams` WRITE;
/*!40000 ALTER TABLE `teams` DISABLE KEYS */;
INSERT INTO `teams` (`id`, `leagueId`, `name`, `sponsorId`, `notes`, `created_at`, `updated_at`, `deleted_at`) VALUES
  (1, 1, 'Al''s Airport Inn', 1, '', '2015-09-06 01:31:30', '2015-09-06 01:31:30', NULL),
  (2, 1, 'Am. Legion #314', 2, '', '2015-09-06 01:31:51', '2015-09-15 04:52:37', NULL),
  (3, 1, 'Chickie''s and Pete''s', 3, '', '2015-09-06 01:32:10', '2015-09-06 01:32:10', NULL),
  (4, 1, 'Cook AA', 4, '', '2015-09-06 01:32:39', '2015-09-06 01:32:39', NULL),
  (5, 1, 'Firkin 1', 5, '', '2015-09-06 01:32:53', '2015-09-06 01:32:53', NULL),
  (6, 1, 'Firkin Dos', 5, '', '2015-09-06 01:33:05', '2015-09-06 01:33:05', NULL),
  (7, 1, 'Hamilton Lanes', 6, '', '2015-09-06 01:33:34', '2015-09-06 01:33:34', NULL),
  (8, 1, 'McManimon''s 1', 7, '', '2015-09-06 01:33:49', '2015-09-06 01:33:49', NULL),
  (9, 1, 'McManimon''s 2', 7, '', '2015-09-06 01:34:10', '2015-09-06 01:34:10', NULL),
  (10, 1, 'Sportsmen''s Pub', 9, '', '2015-09-06 01:34:38', '2015-09-06 01:34:38', NULL),
  (11, 1, 'Tir na nOg', 10, '', '2015-09-06 01:35:05', '2015-09-06 01:35:05', NULL),
  (12, 1, 'Tir na nOg Div 10', 10, '', '2015-09-06 01:35:18', '2015-09-06 01:35:18', NULL),
  (13, 1, 'TPADS', 11, '', '2015-09-06 01:35:32', '2015-09-06 01:35:32', NULL),
  (14, 1, 'UNO Dos', 12, '', '2015-09-06 01:35:51', '2015-09-06 01:35:51', NULL),
  (15, 1, 'VFW 3022 United', 13, '', '2015-09-06 01:37:07', '2015-09-06 01:37:07', NULL),
  (16, 1, 'VFW 3525', 14, '', '2015-09-06 01:37:19', '2015-09-06 01:37:19', NULL),
  (17, 1, 'WildFlowers', 15, '', '2015-09-06 01:37:32', '2015-09-06 01:37:32', NULL),
  (18, 1, 'Peter''s Place', 8, '', '2015-09-06 01:37:53', '2015-09-06 01:37:53', NULL),
  (19, 1, 'Uno''s Wild', 12, '', '2015-09-15 04:08:58', '2015-09-15 04:08:58', NULL),
  (20, 1, 'Tir na nOg Jude', 10, '', '2015-09-15 04:15:01', '2015-09-15 04:15:01', NULL),
  (21, 1, 'Tir na nOg Brian', 10, '', '2015-09-15 04:15:16', '2015-09-15 04:15:16', NULL),
  (22, 1, 'VFW 3525 Div 10', 14, '', '2015-09-15 04:15:41', '2015-09-19 16:39:34', NULL),
  (23, 1, 'VFW 3525 Champs', 14, '', '2015-09-15 04:16:05', '2015-09-19 16:39:15', NULL),
  (24, 1, 'Marty''s 1', 0, '', '2015-10-04 00:23:06', '2015-10-04 00:23:06', NULL),
  (25, 1, 'Marty''s 2', 0, '', '2015-10-04 00:23:16', '2015-10-04 00:23:16', NULL),
  (26, 1, 'Nate''s Pub', 0, '', '2015-10-04 00:23:26', '2015-10-04 00:23:26', NULL),
  (27, 1, 'Uno Mas', 12, '', '2015-10-04 00:23:39', '2015-10-04 00:23:39', NULL),
  (28, 1, 'VFW 3022', 13, '', '2015-10-04 00:27:50', '2015-10-04 00:27:50', NULL),
  (29, 1, 'VFW 3022 Upgraded', 13, '', '2015-10-04 00:29:28', '2015-10-04 00:29:28', NULL),
  (30, 1, 'VFW 3525 One', 14, '', '2015-10-04 00:32:48', '2015-10-04 00:32:48', NULL),
  (31, 1, 'VFW 3525 Two', 14, '', '2015-10-04 00:33:01', '2015-10-04 00:33:01', NULL),
  (32, 1, 'Ham. Lanes (Nate''s)', 0, '', '2015-10-04 00:36:26', '2015-10-04 00:36:26', NULL);
/*!40000 ALTER TABLE `teams` ENABLE KEYS */;
UNLOCK TABLES;

LOCK TABLES `sponsors` WRITE;
/*!40000 ALTER TABLE `sponsors` DISABLE KEYS */;
INSERT INTO `sponsors` (`id`, `leagueId`, `name`, `type`, `contactName`, `address1`, `address2`, `city`, `state`, `zip`, `phone`, `url`, `facebookUrl`, `email`, `mapUrl`, `description`, `comments`, `created_at`, `updated_at`, `deleted_at`) VALUES
(1, 1, 'Al''s Airport Inn', '', '', '636 Bear Tavern Road', '', 'Ewing', 'NJ', '', '609-883-5252', '', 'http://www.facebook.com/alsairporttinn', '', 'https://www.google.com/maps/place/636+Bear+Tavern+Rd/@40.267855,-74.820342,17z/data=!3m1!4b1!4m2!3m1!1s0x89c157d16c2c396f:0x8201c6bce33e107', '', '', '2015-09-06 01:11:30', '2015-09-22 05:39:11', NULL),
(2, 1, 'American Legion Post #314', '', '', '39 Lanning St.', '', 'Ewing', 'NJ', '', '609-637-9188', 'http://legion314.weebly.com/', 'https://www.facebook.com/pages/Ewing-American-Legion-Post-314/173871669323016', '', 'https://www.google.com/maps/place/39+Lanning+St/@40.2657219,-74.786828,17z/data=!3m1!4b1!4m2!3m1!1s0x89c157fc1b37d73f:0x6306fdee73d65a78', '', '', '2015-09-06 01:15:01', '2015-09-22 05:40:45', NULL),
(3, 1, 'Chickie''s and Pete''s', '', '', '183 US Highway 130', '', 'Bordentown', 'NJ', '', '609-298-9182', 'http://www.chickiesandpetes.com/', 'https://www.facebook.com/ChickiesandPetesBordentown', '', '', '', '', '2015-09-06 01:18:02', '2015-09-06 01:18:02', NULL),
(4, 1, 'Cook Athletic Association', '', '', '411 Hobart Ave', '', 'Hamilton', 'NJ', '', '609-586-5117', '', 'http://www.facebook.com/cook.athleticassociation', '', 'https://www.google.com/maps/place/411+Hobart+Ave/@40.22182,-74.726791,17z/data=!3m1!4b1!4m2!3m1!1s0x89c1590209642ca1:0xd99c2e22f264dd92', '', '', '2015-09-06 01:19:58', '2015-09-22 05:39:32', NULL),
(5, 1, 'Firkin Tavern', '', '', '1400 Parkway Ave', '', 'Ewing', 'NJ', '', '609-771-0100', 'http://www.firkintavern.com/', 'http://www.facebook.com/pages/firkin-tavern/104433650784', '', 'https://www.google.com/maps/place/1400+Parkway+Ave/@40.266689,-74.805708,17z/data=!3m1!4b1!4m2!3m1!1s0x89c157ddc3fb21af:0x7af1d47063bb3593', '', '', '2015-09-06 01:20:52', '2015-09-22 05:41:06', NULL),
(6, 1, 'Hamilton Lanes', '', '', '1200 Kuser Rd', '', 'Hamilton', 'NJ', '', '609-585-2400', 'http://www.pinstreet.com/hamilton/', 'https://www.facebook.com/pages/Pin-Street-at-Hamilton/102466966464795', '', 'https://www.google.com/maps/place/1200+Kuser+Rd/@40.2117379,-74.703452,17z/data=!3m1!4b1!4m2!3m1!1s0x89c15924647245ef:0x997f13d6385ad498', '', '', '2015-09-06 01:21:42', '2015-09-22 05:41:39', NULL),
(7, 1, 'McManimon''s Pub', '', '', '151 Liberty St', '', 'Trenton', 'NJ', '', '609-393-9023', '', 'http://www.facebook.com/pages/McManimons-Pub/295719217126797', '', 'https://www.google.com/maps/place/151+Liberty+St/@40.202598,-74.74341,17z/data=!3m1!4b1!4m2!3m1!1s0x89c1599844579c25:0x8d98bf43b4c2e353', '', '', '2015-09-06 01:22:18', '2015-09-22 05:42:01', NULL),
(8, 1, 'Peters Place', '', '', '1058 South Broad St', '', 'Trenton', 'NJ', '', '609-695-6757', '', 'https://www.facebook.com/peters.place.9', '', 'https://www.google.com/maps/place/1058+S+Broad+St/@40.204908,-74.74435,17z/data=!3m1!4b1!4m2!3m1!1s0x89c159a2a4851b9f:0xe9577d3e729c730c', '', '', '2015-09-06 01:22:51', '2015-09-22 05:42:19', NULL),
(9, 1, 'Sportsmen''s Pub', '', '', '819 Lalor St', '', 'Trenton', 'NJ', '', '609-393-4464', 'http://www.sportsmenspub.com/', 'https://www.facebook.com/pages/Sportsmens-Pub/100884603290007', '', 'https://www.google.com/maps/place/819+Lalor+St/@40.199436,-74.743317,17z/data=!3m1!4b1!4m2!3m1!1s0x89c1599988f4fd43:0xe776441b0a9cef74', '', '', '2015-09-06 01:23:23', '2015-09-22 05:42:34', NULL),
(10, 1, 'Tir na nOg', '', '', '1324 Hamilton Ave', '', 'Trenton', 'NJ', '', '609-392-2554', 'http://www.trentontirnanog.com/', 'http://www.facebook.com/pages/Tir-Na-nOg/224064440903', '', 'https://www.google.com/maps/place/1324+Hamilton+Ave/@40.220764,-74.729455,17z/data=!3m1!4b1!4m2!3m1!1s0x89c15901bdc88269:0xe9f28830224d1919', '', '', '2015-09-06 01:24:08', '2015-09-22 05:42:49', NULL),
(11, 1, 'TPADS', '', '', '1102 North Olden Ave', '', 'Ewing', 'NJ', '', '609-392-9102', 'http://www.tpads.org/', 'http://www.facebook.com/pages/Trenton-Polish-American-Democratic-Club-TPADs/114890101905553', '', 'https://www.google.com/maps/place/1102+N+Olden+Ave/@40.238438,-74.749168,17z/data=!3m1!4b1!4m2!3m1!1s0x89c15844449845af:0xbfda5284a32ae13b', '', '', '2015-09-06 01:25:05', '2015-09-22 05:43:08', NULL),
(12, 1, 'UNO''s Chicago Grill', '', '', '225 Sloan Ave', '', 'Hamilton', 'NJ', '', '', 'http://www.unos.com/', 'http://www.facebook.com/unohamiltonnj', '', 'https://www.google.com/maps/place/225+Sloan+Ave/@40.250252,-74.6913881,17z/data=!3m1!4b1!4m2!3m1!1s0x89c158ac37bbe4cb:0xb7cbdffd243bcd90', '', '', '2015-09-06 01:26:11', '2015-09-22 05:43:31', NULL),
(13, 1, 'VFW Post #3022', '', '', '736 Cherry Tree Lane', '', 'Lawrenceville', 'NJ', '', '609-695-9801', 'http://www.vfw3022.org/', 'http://www.facebook.com/pages/VFW-Post-3022/119439334931', '', 'https://www.google.com/maps/place/736+Cherry+Tree+Ln/@40.2498211,-74.734235,17z/data=!3m1!4b1!4m2!3m1!1s0x89c15889e9bff9f9:0x769f7247d7270a77', '', '', '2015-09-06 01:27:11', '2015-09-22 05:43:39', NULL),
(14, 1, 'VFW Post #3525', '', '', '77 Christine Way', '', 'Hamilton', 'NJ', '', '609-890-9809', '', 'http://www.facebook.com/pages/VFW-Post-3525/114942165262247', '', 'https://www.google.com/maps/place/77+Christine+Ave/@40.234719,-74.704555,17z/data=!3m1!4b1!4m2!3m1!1s0x89c158c14d6b7b13:0xa99cdadd13bb87b9', '', '', '2015-09-06 01:27:54', '2015-09-22 05:44:17', NULL),
(15, 1, 'Wildflowers Too', '', '', '265 Route 156', '', 'Yardville', 'NJ', '', '609-585-5483', 'http://www.wildflowerstoo.com/', 'http://www.facebook.com/pages/Wildflowers-Too/188775211150305', '', 'https://www.google.com/maps/place/256+New+Jersey+156/@40.1809372,-74.6659348,17z/data=!3m1!4b1!4m2!3m1!1s0x89c15ea2523e26d1:0x826f679d94d7aeb3', '', '', '2015-09-06 01:29:51', '2015-09-22 05:44:32', NULL);
/*!40000 ALTER TABLE `sponsors` ENABLE KEYS */;
UNLOCK TABLES;

LOCK TABLES `players` WRITE;
/*!40000 ALTER TABLE `players` DISABLE KEYS */;
INSERT INTO `players` (`id`, `leagueId`, `userId`, `firstName`, `lastName`, `nickname`, `email`, `homePhone`, `cellPhone`, `shirtSize`, `address1`, `address2`, `city`, `state`, `zip`, `acceptText`, `acceptEmail`, `notes`, `created_at`, `updated_at`, `deleted_at`) VALUES
  (1, 1, 1, 'John', 'Meade', '', 'johnnynibbles@gmail.com', '', '609-792-3676', 'XL', '40 Wagon Bridge Run', '', 'Moorestown', 'NJ', '08057', 1, 1, '', '2015-09-06 01:39:25', '2015-09-06 01:39:25', NULL),
  (189, 1, 0, 'Jimmy', 'Wyckoff', 'Sparky', 'JDWGIANT@aol.com', '6095322625', '6095322625', 'XL', '', '', '', '', '', 0, 0, '', '0000-00-00 00:00:00', '2015-09-25 18:56:08', NULL),
  (190, 1, 0, 'Laura', 'Vogel', '', 'she.painted.the.roses.red@gmail.com', '6094247498', '6094247498', '', '', '', '', '', '', 0, 0, '', '0000-00-00 00:00:00', '0000-00-00 00:00:00', NULL),
  (191, 1, 0, 'Joe', 'Mills', '', '', '6095163196', '6095163196', 'XL', '', '', '', '', '', 0, 0, '', '0000-00-00 00:00:00', '0000-00-00 00:00:00', NULL),
  (192, 1, 0, 'Jen', 'Linke', '', '', '6095321781', '6095321781', 'M', '', '', '', '', '', 0, 0, '', '0000-00-00 00:00:00', '0000-00-00 00:00:00', NULL),
  (193, 1, 0, 'Chris', 'Lewis', '', 'installafloor@aol.com', '6095321781', '6095321781', 'XL', '', '', '', '', '', 0, 0, '', '0000-00-00 00:00:00', '0000-00-00 00:00:00', NULL),
  (194, 1, 0, 'Bob', 'McCloskey', '', '', '6098151993', '6098151993', '2XL', '532 Miller Ave Apt 27', '', '08610', 'Trenton', 'NJ', 0, 0, '', '0000-00-00 00:00:00', '0000-00-00 00:00:00', NULL),
  (195, 1, 0, 'Jim', 'Williams', '', '', '6098025510', '6098025510', '', '', '', '', '', '', 0, 0, '', '0000-00-00 00:00:00', '0000-00-00 00:00:00', NULL),
  (196, 1, 0, 'Theresa', 'O''Brien', '', '', '9088124403', '9088124403', 'L', '', '', '', '', '', 0, 0, '', '0000-00-00 00:00:00', '0000-00-00 00:00:00', NULL),
  (197, 1, 0, 'Chris', 'Bade', '', 'latshaw97@aol.com', '2674088448', '2674088448', '', '', '', '', '', '', 0, 0, '', '0000-00-00 00:00:00', '0000-00-00 00:00:00', NULL),
  (198, 1, 0, 'Joe', 'Baracci', '', 'jbar591@comcast.net', '6096476039', '6096476039', 'XL', '', '', '', '', '', 0, 0, '', '0000-00-00 00:00:00', '0000-00-00 00:00:00', NULL),
  (199, 1, 0, 'Mark', 'Allen', '', '', '6093562057', '6093562057', 'XL', '', '', '', '', '', 0, 0, '', '0000-00-00 00:00:00', '0000-00-00 00:00:00', NULL),
  (200, 1, 0, 'Phil', 'Maners', '', 'Rippux2001@yahoo.com', '6092206347', '6092206347', 'XL', '', '', '', '', '', 0, 0, '', '0000-00-00 00:00:00', '0000-00-00 00:00:00', NULL),
  (201, 1, 0, 'Brian', 'Guinn', '', 'bguinnrn@yahoo.com', '6094561400', '6094561400', 'L', '', '', '', '', '', 0, 0, '', '0000-00-00 00:00:00', '0000-00-00 00:00:00', NULL),
  (202, 1, 0, 'Anthony', 'Cirello', '', 'thatsmeate@yahoo.com', '6095751742', '6095751742', 'L', '', '', '', '', '', 0, 0, '', '0000-00-00 00:00:00', '0000-00-00 00:00:00', NULL),
  (203, 1, 0, 'Roger', 'Allen', '', 'r.allenpainting52@aol.com', '6095771663', '6095771663', 'XL', '', '', '', '', '', 0, 0, '', '0000-00-00 00:00:00', '0000-00-00 00:00:00', NULL),
  (204, 1, 0, 'Bob', 'Langill', '', 'btlfed406s10@aol.com', '6099297760', '6099297760', '2XL', '', '', '', '', '', 0, 0, '', '0000-00-00 00:00:00', '0000-00-00 00:00:00', NULL),
  (205, 1, 0, 'Tom', 'Buckley', '', '', '6095758526', '6095758526', '3XL', '', '', '', '', '', 0, 0, '', '0000-00-00 00:00:00', '0000-00-00 00:00:00', NULL),
  (206, 1, 0, 'Art', 'Chamberland', '', '', '5622434902', '5622434902', '', '', '', '', '', '', 0, 0, '', '0000-00-00 00:00:00', '0000-00-00 00:00:00', NULL),
  (207, 1, 0, 'Gerard', 'Carlson', '', '', '', '', '', '', '', '', '', '', 0, 0, '', '0000-00-00 00:00:00', '0000-00-00 00:00:00', NULL),
  (208, 1, 0, 'Ryan', 'Jackson', '', '', '', '', '', '', '', '', '', '', 0, 0, '', '0000-00-00 00:00:00', '0000-00-00 00:00:00', NULL),
  (209, 1, 0, 'Chris', 'Pankiewicz', '', 'cpankiewicz@gmail.com', '6092135282', '6092135282', 'L', '16 Wildflower Ter', '', '08691', 'Robbinsville', 'NJ', 0, 0, '', '0000-00-00 00:00:00', '0000-00-00 00:00:00', NULL),
  (210, 1, 0, 'Kyle', 'Shimmon', '', '', '', '', '', '', '', '', '', '', 0, 0, '', '0000-00-00 00:00:00', '0000-00-00 00:00:00', NULL),
  (211, 1, 0, 'Jim', 'Pankiewicz', '', 'Jpankiewicz@club2tutoring.com', '6096477420', '6096477420', 'L', '16 Wildflowers Ter', '', '08691', 'Robbinsville', 'NJ', 0, 0, '', '0000-00-00 00:00:00', '0000-00-00 00:00:00', NULL),
  (212, 1, 0, 'Scott', 'Woods', '', 'CraftCarpet@optimum.net', '6096382368', '6096382368', '', '', '', '', '', '', 0, 0, '', '0000-00-00 00:00:00', '0000-00-00 00:00:00', NULL),
  (213, 1, 0, 'Dan', 'Stoop Sr.', '', '', '6093799839', '6093799839', '', '', '', '', '', '', 0, 0, '', '0000-00-00 00:00:00', '0000-00-00 00:00:00', NULL),
  (214, 1, 0, 'Jimmy', 'Eccles', '', '', '', '', 'XL', '', '', '', '', '', 0, 0, '', '0000-00-00 00:00:00', '0000-00-00 00:00:00', NULL),
  (215, 1, 0, 'Dan', 'Stoop Jr.', '', 'danielstoop@yahoo.com', '6093361366', '6093361366', 'XL', '', '', '', '', '', 0, 0, '', '0000-00-00 00:00:00', '0000-00-00 00:00:00', NULL),
  (216, 1, 0, 'Bryan', 'Cominski', '', 'cominskibryan@yahoo.com', '6099540011', '6099540011', '', '', '', '', '', '', 0, 0, '', '0000-00-00 00:00:00', '0000-00-00 00:00:00', NULL),
  (217, 1, 0, 'Jay', 'Volb', '', '', '6093361490', '6093361490', '', '', '', '', '', '', 0, 0, '', '0000-00-00 00:00:00', '0000-00-00 00:00:00', NULL),
  (218, 1, 0, 'Angelo', 'Persichetti', '', 'Duke12399@yahoo.com', '6095320097', '6095320097', '', '', '', '', '', '', 0, 0, '', '0000-00-00 00:00:00', '0000-00-00 00:00:00', NULL),
  (219, 1, 0, 'Dave', 'Papp', '', 'pappy164@gmail.com', '6095581602', '6095581602', '4XL', '', '', '', '', '', 0, 0, '', '0000-00-00 00:00:00', '2015-09-25 18:36:01', NULL),
  (220, 1, 0, 'Jim', 'Cherniskov', '', '', '6096498727', '6096498727', 'XL', '', '', '', '', '', 0, 0, '', '0000-00-00 00:00:00', '0000-00-00 00:00:00', NULL),
  (221, 1, 0, 'John', 'McManimon', '', 'john.mcmanimon1@gmail.com', '6093939023', '6093939023', 'XL', '', '', '', '', '', 0, 0, '', '0000-00-00 00:00:00', '0000-00-00 00:00:00', NULL),
  (222, 1, 0, 'Mike', 'Kitchen', '', '', '6099683554', '6099683554', 'XL', '', '', '', '', '', 0, 0, '', '0000-00-00 00:00:00', '0000-00-00 00:00:00', NULL),
  (223, 1, 0, 'Pat', 'Shields', '', '', '6092407747', '6092407747', '2XL', '', '', '', '', '', 0, 0, '', '0000-00-00 00:00:00', '0000-00-00 00:00:00', NULL),
  (224, 1, 0, 'Rick', 'Carnevel', '', 'Shields4@optonline.com', '6095811698', '6095811698', 'XL', '', '', '', '', '', 0, 0, '', '0000-00-00 00:00:00', '0000-00-00 00:00:00', NULL),
  (225, 1, 0, 'Scott', 'Valyo', '', 'Hotboxpromotion1@aol.com', '6096580432', '6096580432', '2XL', '66 Willow Ct', '', '08619', 'Trenton', 'NJ', 0, 0, '', '0000-00-00 00:00:00', '0000-00-00 00:00:00', NULL),
  (226, 1, 0, 'Steve', 'Coolak', '', 'sic376@hotmail.com', '6094586317', '6094586317', '', '', '', '', '', '', 0, 0, '', '0000-00-00 00:00:00', '0000-00-00 00:00:00', NULL),
  (227, 1, 0, 'Rich', 'Mifflin', '', 'rjmifflin@gmail.com', '6099027424', '6099027424', 'XL', '', '', '', '', '', 0, 0, '', '0000-00-00 00:00:00', '0000-00-00 00:00:00', NULL),
  (228, 1, 0, 'Duke', 'Sokolowski', '', '', '6093923251', '6093923251', '', '', '', '', '', '', 0, 0, '', '0000-00-00 00:00:00', '0000-00-00 00:00:00', NULL),
  (229, 1, 0, 'John', 'Lewandowski', '', 'JLewandowski3@gmail.com', '6096479333', '6096479333', 'XL', '', '', '', '', '', 0, 0, '', '0000-00-00 00:00:00', '0000-00-00 00:00:00', NULL),
  (230, 1, 0, 'Tom', 'Bernhard', '', 'tom.bernhard@gmail.com', '6092133070', '6092133070', 'XL', '', '', '', '', '', 0, 0, '', '0000-00-00 00:00:00', '0000-00-00 00:00:00', NULL),
  (231, 1, 0, 'Brian', 'Burns', '', 'burnsbj@msn.com', '2017410060', '2017410060', 'XL', '', '', '', '', '', 0, 0, '', '0000-00-00 00:00:00', '0000-00-00 00:00:00', NULL),
  (232, 1, 0, 'Bobby', 'McNamara', '', 'robertmcnamar@gmail.com', '6099541176', '6099541176', '2XL', '', '', '', '', '', 0, 0, '', '0000-00-00 00:00:00', '0000-00-00 00:00:00', NULL),
  (233, 1, 0, 'Andrew', 'Ward', '', 'day96@aol.com', '6097315230', '6097315230', 'M', '', '', '', '', '', 0, 0, '', '0000-00-00 00:00:00', '0000-00-00 00:00:00', NULL),
  (234, 1, 0, 'Mickey', 'Williams', '', '', '6094246810', '6094246810', 'L', '', '', '', '', '', 0, 0, '', '0000-00-00 00:00:00', '0000-00-00 00:00:00', NULL),
  (235, 1, 0, 'Mike', 'Berkeyheiser', '', 'mberkey75@live.com', '6095858591', '6095858591', '2XL', '', '', '', '', '', 0, 0, '', '0000-00-00 00:00:00', '0000-00-00 00:00:00', NULL),
  (236, 1, 0, 'Doc', 'Dougherty', '', '', '6096474620', '6096474620', '2XL', '', '', '', '', '', 0, 0, '', '0000-00-00 00:00:00', '0000-00-00 00:00:00', NULL),
  (237, 1, 0, 'Gordan', 'Wright', '', '', '6096380014', '6096380014', '', '', '', '', '', '', 0, 0, '', '0000-00-00 00:00:00', '0000-00-00 00:00:00', NULL),
  (238, 1, 0, 'Mark', 'Swift', '', 'swiftpainting1020@gmail.com', '6096586126', '6096586126', 'XL', '', '', '', '', '', 0, 0, '', '0000-00-00 00:00:00', '0000-00-00 00:00:00', NULL),
  (239, 1, 0, 'Phil', 'Tracey', '', 'philip.tracey@yahoo.com', '6096726712', '6096726712', 'L', '', '', '', '', '', 0, 0, '', '0000-00-00 00:00:00', '0000-00-00 00:00:00', NULL),
  (240, 1, 0, 'Paul', 'Luhrman', '', 'PaulPost5700@aol.com', '6098022921', '6098022921', '3XL', '', '', '', '', '', 0, 0, '', '0000-00-00 00:00:00', '0000-00-00 00:00:00', NULL),
  (241, 1, 0, 'Barry', 'Rittenhouse', '', '', '6094624885', '6094624885', '3XLT', '', '', '', '', '', 0, 0, '', '0000-00-00 00:00:00', '0000-00-00 00:00:00', NULL),
  (242, 1, 0, 'Dave', 'Hancock', '', 'halfers@verizon.net', '6099541307', '6099541307', 'L', '', '', '', '', '', 0, 0, '', '0000-00-00 00:00:00', '0000-00-00 00:00:00', NULL),
  (243, 1, 0, 'Chris', 'Martin', '', 'chrismartin921@gmail.com', '6099772993', '6099772993', '2XL', '', '', '', '', '', 0, 0, '', '0000-00-00 00:00:00', '0000-00-00 00:00:00', NULL),
  (244, 1, 0, 'Brian', 'Hancin', '', '', '', '', '2XL', '', '', '', '', '', 0, 0, '', '0000-00-00 00:00:00', '0000-00-00 00:00:00', NULL),
  (245, 1, 0, 'Tony', 'Sparaco', '', '', '', '', '', '', '', '', '', '', 0, 0, '', '0000-00-00 00:00:00', '0000-00-00 00:00:00', NULL),
  (246, 1, 0, 'Paul', 'Hancin', '', 'phancin@pembertonelectrical.com', '6094569731', '6094569731', '3XL', '', '', '', '', '', 0, 0, '', '0000-00-00 00:00:00', '0000-00-00 00:00:00', NULL),
  (247, 1, 0, 'David', 'Loretucci', '', 'd2titan26@yahoo.com', '6092132284', '6092132284', 'L', '', '', '', '', '', 0, 0, '', '0000-00-00 00:00:00', '0000-00-00 00:00:00', NULL),
  (248, 1, 0, 'Harry', 'Wright', '', 'snlwright@yahoo.com', '6092035042', '6092035042', '', '', '', '', '', '', 0, 0, '', '0000-00-00 00:00:00', '0000-00-00 00:00:00', NULL),
  (249, 1, 0, 'Mike', 'O''Connor', '', 'moconnore@gmail.com', '6093779071', '6093779071', '2XL', '', '', '', '', '', 0, 0, '', '0000-00-00 00:00:00', '0000-00-00 00:00:00', NULL),
  (250, 1, 0, 'Bill', 'Bongard', '', 'BillB209@MSN.com', '6093066405', '6093066405', 'XL', '', '', '', '', '', 0, 0, '', '0000-00-00 00:00:00', '0000-00-00 00:00:00', NULL),
  (251, 1, 0, 'Dave', 'Gould', '', 'bullitt241@comcast.net', '6098477538', '6098477538', '2XL', '', '', '', '', '', 0, 0, '', '0000-00-00 00:00:00', '0000-00-00 00:00:00', NULL),
  (252, 1, 0, 'Rob', 'Dunn', '', 'Dunnre@yahoo.com', '6096383400', '6096383400', '3XL', '', '', '', '', '', 0, 0, '', '0000-00-00 00:00:00', '0000-00-00 00:00:00', NULL),
  (253, 1, 0, 'Robert', 'Bodoloski', '', '', '6095581745', '6095581745', '', '', '', '', '', '', 0, 0, '', '0000-00-00 00:00:00', '0000-00-00 00:00:00', NULL),
  (254, 1, 0, 'Jon', 'Shafer', '', 'jshafer@technology-initiatives.com', '6096479595', '6096479595', 'L', '', '', '', '', '', 0, 0, '', '0000-00-00 00:00:00', '2015-09-25 18:50:11', NULL),
  (255, 1, 0, 'Luis', 'Alvarez', '', '', '', '', '', '', '', '', '', '', 0, 0, '', '0000-00-00 00:00:00', '0000-00-00 00:00:00', NULL),
  (256, 1, 0, 'Joe', 'Cook', '', '', '', '', '', '', '', '', '', '', 0, 0, '', '0000-00-00 00:00:00', '0000-00-00 00:00:00', NULL),
  (257, 1, 0, 'Dave', 'Cook', '', '', '', '', '', '', '', '', '', '', 0, 0, '', '0000-00-00 00:00:00', '0000-00-00 00:00:00', NULL),
  (258, 1, 0, 'Mary', 'Cook', '', 'Jerzeegirl@optonline.net', '', '', '', '', '', '', '', '', 0, 0, '', '0000-00-00 00:00:00', '0000-00-00 00:00:00', NULL),
  (259, 1, 0, 'Tim', 'Springett', '', 'tspringett@yahoo.com', '', '', 'XL', '', '', '', '', '', 0, 0, '', '0000-00-00 00:00:00', '0000-00-00 00:00:00', NULL),
  (260, 1, 0, 'Bruce', 'Ashley', '', '', '', '', '', '', '', '', '', '', 0, 0, '', '0000-00-00 00:00:00', '0000-00-00 00:00:00', NULL),
  (261, 1, 0, 'Kevin', 'Larkin', '', '', '', '', '', '', '', '', '', '', 0, 0, '', '0000-00-00 00:00:00', '0000-00-00 00:00:00', NULL),
  (263, 1, 0, 'Tom', 'Canfield', '', '', '', '', '', '', '', '', '', '', 0, 0, '', '0000-00-00 00:00:00', '0000-00-00 00:00:00', NULL),
  (264, 1, 0, 'Graham', 'Parker', '', '', '', '', '', '', '', '', '', '', 0, 0, '', '0000-00-00 00:00:00', '0000-00-00 00:00:00', NULL),
  (265, 1, 0, 'Jason', 'Thompson', '', '', '', '', '', '', '', '', '', '', 0, 0, '', '0000-00-00 00:00:00', '0000-00-00 00:00:00', NULL),
  (266, 1, 0, 'Chris', 'Lojko', '', 'clojko@msn.com', '6092132558', '6092132558', 'XL', '', '', '', '', '', 0, 0, '', '0000-00-00 00:00:00', '0000-00-00 00:00:00', NULL),
  (268, 1, 0, 'Lucas', 'Kelly', '', 'lucaskelly77@gmail.com', '6099020307', '6099020307', 'XL', '109 Farnsworth Ave.', '', '08505', 'Bordentown', 'NJ', 0, 0, '', '0000-00-00 00:00:00', '0000-00-00 00:00:00', NULL),
  (269, 1, 0, 'Alan', 'Longstreet', '', 'AlanSquirt77@gmail.com', '6099771497', '6099771497', '4XL', '305 Churchill Ave', '', '08610', 'Trenton', 'NJ', 0, 0, '', '0000-00-00 00:00:00', '0000-00-00 00:00:00', NULL),
  (270, 1, 0, 'Ed', 'Longstreet', '', 'edlongstreet@aol.com', '6098155110', '6098155110', '4XL', '87 Old York Rd', '', '08515', 'Crosswicks', 'NJ', 0, 0, '', '0000-00-00 00:00:00', '0000-00-00 00:00:00', NULL),
  (271, 1, 0, 'Murray', 'Shoenhaar', '', 'murrys76@hotmail.com', '6095580831', '6095580831', '', '', '', '', '', '', 0, 0, '', '0000-00-00 00:00:00', '0000-00-00 00:00:00', NULL),
  (272, 1, 0, 'Jeff', 'Daly', '', '', '', '', 'XL', '', '', '', '', '', 0, 0, '', '0000-00-00 00:00:00', '0000-00-00 00:00:00', NULL),
  (273, 1, 0, 'Andy', 'MacDonald', '', '', '', '', '', '', '', '', '', '', 0, 0, '', '0000-00-00 00:00:00', '0000-00-00 00:00:00', NULL),
  (274, 1, 0, 'Jim', 'Drager', '', 'deathbuilder1@aol.com', '6095879073', '6095879073', '2XL', '', '', '', '', '', 0, 0, '', '0000-00-00 00:00:00', '0000-00-00 00:00:00', NULL),
  (275, 1, 0, 'Mike', 'Brown', '', '', '', '', '', '', '', '', '', '', 0, 0, '', '0000-00-00 00:00:00', '0000-00-00 00:00:00', NULL),
  (276, 1, 0, 'Steve', 'Tella', '', 'thetellas@verizon.net', '6095868867', '6095868867', '2XL', '', '', '', '', '', 0, 0, '', '0000-00-00 00:00:00', '0000-00-00 00:00:00', NULL),
  (277, 1, 0, 'Jim', 'Migliaccio', '', '', '', '', '', '', '', '', '', '', 0, 0, '', '0000-00-00 00:00:00', '0000-00-00 00:00:00', NULL),
  (278, 1, 0, 'Matt', 'Roche', '', 'mroche82186@yahoo.com', '', '', '', '', '', '', '', '', 0, 0, '', '0000-00-00 00:00:00', '2015-09-19 01:11:48', '2015-09-19 01:11:48'),
  (279, 1, 0, 'Brian', 'Malloy', '', 'malloyb2@gmail.com', '6092184177', '6092184177', '2XL', '', '', '', '', '', 0, 0, '', '0000-00-00 00:00:00', '0000-00-00 00:00:00', NULL),
  (280, 1, 0, 'Jim', 'Maguire', '', 'jimmaguire1978@yahoo.com', '6095770766', '6095770766', 'XL', '', '', '', '', '', 0, 0, '', '0000-00-00 00:00:00', '0000-00-00 00:00:00', NULL),
  (281, 1, 0, 'Jude', 'Tracey', '', '', '6095875313', '6095875313', 'XL', '', '', '', '', '', 0, 0, '', '0000-00-00 00:00:00', '0000-00-00 00:00:00', NULL),
  (282, 1, 0, 'Tom', 'Rockhill', 'Rock', 'trock3563@yahoo.com', '6094770448', '6094770448', '3XL', '', '', '', '', '', 0, 0, '', '0000-00-00 00:00:00', '0000-00-00 00:00:00', NULL),
  (283, 1, 0, 'Joe', 'Formica', '', '', '6099548964', '6099548964', 'L', '', '', '', '', '', 0, 0, '', '0000-00-00 00:00:00', '0000-00-00 00:00:00', NULL),
  (284, 1, 0, 'Chris', 'Gould', '', '', '6093315319', '6093315319', '2XL', '', '', '', '', '', 0, 0, '', '0000-00-00 00:00:00', '0000-00-00 00:00:00', NULL),
  (285, 1, 0, 'Chris', 'Whalen', '', 'c_whalen13@yahoo.com', '6095322285', '6095322285', 'XL', '', '', '', '', '', 0, 0, '', '0000-00-00 00:00:00', '0000-00-00 00:00:00', NULL),
  (286, 1, 0, 'TJ', 'McGonigal', '', 'Tmcgon1@yahoo.com', '6095755717', '6095755717', 'L', '', '', '', '', '', 0, 0, '', '0000-00-00 00:00:00', '0000-00-00 00:00:00', NULL),
  (287, 1, 0, 'Todd', 'McGonigal', '', 'ToddM1962@gmail.com', '6092139411', '6092139411', 'L', '', '', '', '', '', 0, 0, '', '0000-00-00 00:00:00', '0000-00-00 00:00:00', NULL),
  (288, 1, 0, 'Dave', 'Grimm', '', 'DFGRIMM@gmail.com', '2159011650', '2159011650', '', '', '', '', '', '', 0, 0, '', '0000-00-00 00:00:00', '0000-00-00 00:00:00', NULL),
  (289, 1, 0, 'Bob', 'Kuppler', '', 'rckuppler@yahoo.com', '6099471472', '6099471472', 'XL', '', '', '', '', '', 0, 0, '', '0000-00-00 00:00:00', '0000-00-00 00:00:00', NULL),
  (290, 1, 0, 'Hoyt', 'Holley', '', 'hoytholley@gmail.com', '6092732807', '6092732807', 'XL', '', '', '', '', '', 0, 0, '', '0000-00-00 00:00:00', '0000-00-00 00:00:00', NULL),
  (291, 1, 0, 'Ron', 'Lacy', '', 'rlacy11464@aol.com', '7322817476', '7322817476', '2XL', '', '', '', '', '', 0, 0, '', '0000-00-00 00:00:00', '0000-00-00 00:00:00', NULL),
  (292, 1, 0, 'Mark', 'Little', '', 'mrl1661@yahoo.com', '', '6099337439', '2XL', '', '', '', '', '', 0, 0, '', '0000-00-00 00:00:00', '2015-09-25 18:55:05', NULL),
  (293, 1, 0, 'Mike', 'Shorr', '', 'mashorr@yahoo.com', '', '6097997976', 'XL', '', '', '', '', '', 0, 0, '', '0000-00-00 00:00:00', '2015-09-25 18:54:39', NULL),
  (294, 1, 0, 'Rigo', 'Aparicio', '', 'rigoespana@aol.com', '', '6099479485', 'XL', '', '', '', '', '', 0, 0, '', '0000-00-00 00:00:00', '2015-09-25 18:54:16', NULL),
  (295, 1, 0, 'Bradley', 'Murphy', '', 'belectricinc@aol.com', '7325479000', '7325479000', '2XL', '', '', '', '', '', 0, 0, '', '0000-00-00 00:00:00', '0000-00-00 00:00:00', NULL),
  (296, 1, 0, 'Bruce', 'Linke', '', 'lpiklzz10@aol.com', '6099688103', '6099688103', '2XL', '', '', '', '', '', 0, 0, '', '0000-00-00 00:00:00', '2015-09-25 18:15:50', NULL),
  (297, 1, 0, 'L.A.', 'Pockell', '', 'lpockell@bnh.org', '6092137440', '6092137440', '', '', '', '', '', '', 0, 0, '', '0000-00-00 00:00:00', '0000-00-00 00:00:00', NULL),
  (298, 1, 2, 'John', 'Tedder', '', 'RexRivers@aol.com', '6095750198', '6095750198', '4XL', '58 Falmouth Rd', '', '08620', 'Yardville', 'NJ', 0, 0, '', '0000-00-00 00:00:00', '2015-09-25 18:59:11', NULL),
  (299, 1, 0, 'Josh', 'Hill', '', 'one.from.none@verizon.net', '6098479412', '6098479412', 'XL', '', '', '', '', '', 0, 0, '', '0000-00-00 00:00:00', '0000-00-00 00:00:00', NULL),
  (300, 1, 0, 'Pat', 'Velenger', '', 'pvelenger@aol.com', '2158021811', '2158021811', '3XL', '', '', '', '', '', 0, 0, '', '0000-00-00 00:00:00', '0000-00-00 00:00:00', NULL),
  (301, 1, 0, 'Troy', 'Colen', '', 'ton80_darter@yahoo.com', '9407829902', '9407829902', 'L', '', '', '', '', '', 0, 0, '', '0000-00-00 00:00:00', '0000-00-00 00:00:00', NULL),
  (302, 1, 0, 'Dave', 'Hiel', '', 'lindabonjovi2003@yahoo.com', '6096950375', '6096950375', 'XL', '', '', '', '', '', 0, 0, '', '0000-00-00 00:00:00', '0000-00-00 00:00:00', NULL),
  (303, 1, 0, 'Chris', 'Whitlock', '', 'Skinny782@aol.com', '6096381888', '6096381888', 'L', '', '', '', '', '', 0, 0, '', '0000-00-00 00:00:00', '0000-00-00 00:00:00', NULL),
  (304, 1, 0, 'Robert', 'Whitlock', '', 'kod782@yahoo.com', '6092099988', '6092099988', 'L', '', '', '', '', '', 0, 0, '', '0000-00-00 00:00:00', '0000-00-00 00:00:00', NULL),
  (305, 1, 0, 'Doug', 'Kaminski', '', 'cerberus006@yahoo.com', '6099151070', '6099151070', 'XL', '', '', '', '', '', 0, 0, '', '0000-00-00 00:00:00', '0000-00-00 00:00:00', NULL),
  (306, 1, 0, 'Tom', 'Slowinski', '', 'win8ski@aol.com', '6095775815', '6095775815', 'XL', '', '', '', '', '', 0, 0, '', '0000-00-00 00:00:00', '0000-00-00 00:00:00', NULL),
  (307, 1, 0, 'Bruce', 'Keck', '', '', '6098833828', '6098833828', 'XL', '', '', '', '', '', 0, 0, '', '0000-00-00 00:00:00', '0000-00-00 00:00:00', NULL),
  (308, 1, 0, 'Ron', 'Lanyi', '', 'ronald.lanyi@nmfn.com', '', '', 'M', '', '', '', '', '', 0, 0, '', '0000-00-00 00:00:00', '0000-00-00 00:00:00', NULL),
  (309, 1, 0, 'Brandon', 'Ivory', '', 'squad11engineer@yahoo.com', '6098471655', '6098471655', 'XL', '', '', '', '', '', 0, 0, '', '0000-00-00 00:00:00', '0000-00-00 00:00:00', NULL),
  (310, 1, 0, 'Mike', 'Macys', '', 'mmacys1@hotmail.com', '7327402186', '7327402186', '2XL', '', '', '', '', '', 0, 0, '', '0000-00-00 00:00:00', '0000-00-00 00:00:00', NULL),
  (311, 1, 0, 'Kevin', 'Bezek', '', 'kbezek@verizon.net', '6096584767', '6096584767', 'XL', '', '', '', '', '', 0, 0, '', '0000-00-00 00:00:00', '0000-00-00 00:00:00', NULL),
  (312, 1, 0, 'Scott', 'Rieman', '', 'rieman3@aol.com', '', '', 'XL', '', '', '', '', '', 0, 0, '', '0000-00-00 00:00:00', '0000-00-00 00:00:00', NULL),
  (313, 1, 0, 'Randy', 'Rommell', '', 'Tjauss@gmail.com', '6098514601', '6098514601', '3XL', '', '', '', '', '', 0, 0, '', '0000-00-00 00:00:00', '0000-00-00 00:00:00', NULL),
  (314, 1, 0, 'Ron', 'Rowley', '', 'rkrowley@gmail.com', '6095101291', '6095101291', 'L', '', '', '', '', '', 0, 0, '', '0000-00-00 00:00:00', '2015-09-25 19:03:17', NULL),
  (315, 1, 0, 'Taryn', 'Jauss', '', 'Tjauss@gmail.com', '6092136869', '6092136869', '', '', '', '', '', '', 0, 0, '', '0000-00-00 00:00:00', '0000-00-00 00:00:00', NULL),
  (316, 1, 0, 'Jon', 'DeBlois', '', 'Jd_9726@yahoo.com', '6096479726', '6096479726', 'L', '', '', '', '', '', 0, 0, '', '0000-00-00 00:00:00', '0000-00-00 00:00:00', NULL),
  (317, 1, 0, 'Greg', 'Schwartz', '', 'Gschwartz@cornerstone-restoration.com', '', '6096516766', 'XL', '', '', '', '', '', 0, 0, '', '0000-00-00 00:00:00', '2015-09-25 19:02:35', NULL),
  (318, 1, 0, 'Joe', 'Naticchia', '', 'joe@naticchias.com', '', '6093063754', 'L', '', '', '', '', '', 0, 0, '', '0000-00-00 00:00:00', '2015-09-25 19:01:43', NULL),
  (319, 1, 0, 'Dennis', 'Sullivan', '', 'dsullivan923@gmail.com', '8564492686', '8564492686', '3XL', '', '', '', '', '', 0, 0, '', '0000-00-00 00:00:00', '2015-09-25 19:03:00', NULL),
  (320, 1, 0, 'Matt', 'Blakeslee', '', 'khx54x@yahoo.com', '6095329865', '6095329865', '2XL', '', '', '', '', '', 0, 0, '', '0000-00-00 00:00:00', '0000-00-00 00:00:00', NULL),
  (321, 1, 0, 'George', 'Martin', '', 'georgemartin@otwwelding.com', '', '', '2XL', '', '', '', '', '', 0, 0, '', '0000-00-00 00:00:00', '0000-00-00 00:00:00', NULL),
  (322, 1, 0, 'Tony', 'Kenny', '', 'tony@dolancon.com', '6094568836', '6094568836', 'XL', '', '', '', '', '', 0, 0, '', '0000-00-00 00:00:00', '0000-00-00 00:00:00', NULL),
  (323, 1, 0, 'Mike', 'Dillon', '', 'mddillon@verizon.net', '6097124977', '6097124977', 'XL', '', '', '', '', '', 0, 0, '', '0000-00-00 00:00:00', '0000-00-00 00:00:00', NULL),
  (324, 1, 0, 'Jason', 'Kenny', '', '', '6092098198', '6092098198', 'L', '', '', '', '', '', 0, 0, '', '0000-00-00 00:00:00', '0000-00-00 00:00:00', NULL),
  (325, 1, 0, 'Gabe', 'McCabe', '', '', '6098476007', '6098476007', 'XL', '', '', '', '', '', 0, 0, '', '0000-00-00 00:00:00', '0000-00-00 00:00:00', NULL),
  (326, 1, 0, 'Buchi', 'Croes', '', '', '6096318807', '6096318807', 'XL', '', '', '', '', '', 0, 0, '', '0000-00-00 00:00:00', '0000-00-00 00:00:00', NULL),
  (327, 1, 0, 'Jude', 'Boyd', '', '', '7327136936', '7327136936', 'L', '', '', '', '', '', 0, 0, '', '0000-00-00 00:00:00', '0000-00-00 00:00:00', NULL),
  (328, 1, 0, 'Tom', 'Connel', '', '', '', '', '', '', '', '', '', '', 0, 0, '', '0000-00-00 00:00:00', '0000-00-00 00:00:00', NULL),
  (329, 1, 0, 'Gerry', 'McGuire', '', 'maintenance@ndnj.org', '6095772264', '6095772264', 'XL', '', '', '', '', '', 0, 0, '', '0000-00-00 00:00:00', '0000-00-00 00:00:00', NULL),
  (330, 1, 0, 'Bill', 'Cobb', '', 'BCobb@njsba.org', '6098511620', '6098511620', 'XL', '', '', '', '', '', 0, 0, '', '0000-00-00 00:00:00', '0000-00-00 00:00:00', NULL),
  (331, 1, 0, 'Bruce', 'Roeloffs', '', 'theroeloffs@optonline.net', '6093717115', '6093717115', 'XL', '', '', '', '', '', 0, 0, '', '0000-00-00 00:00:00', '0000-00-00 00:00:00', NULL),
  (332, 1, 0, 'Dave', 'Jurkin', '', 'jurkin@tcnj.edu', '7322338082', '7322338082', '4XL', '', '', '', '', '', 0, 0, '', '0000-00-00 00:00:00', '0000-00-00 00:00:00', NULL),
  (333, 1, 3, 'Gary', 'Yourman', '', 'heyitsgary@gmail.com', '7322840941', '7322840941', '2XL', '', '', '', '', '', 0, 0, '', '0000-00-00 00:00:00', '2015-09-25 18:16:34', NULL),
  (334, 1, 0, 'Neil', 'Lanterman', '', 'neil1116@comcast.net', '8432096330', '8432096330', 'XL', '', '', '', '', '', 0, 0, '', '0000-00-00 00:00:00', '0000-00-00 00:00:00', NULL),
  (335, 1, 0, 'Tom', 'Hoffer', '', 'mvthoffer@gmail.com', '6099023843', '6099023843', 'XL', '', '', '', '', '', 0, 0, '', '0000-00-00 00:00:00', '0000-00-00 00:00:00', NULL),
  (336, 1, 0, 'Jim', 'Troy', '', 'JamesTroy79@yahoo.com', '6099374738', '6099374738', '2XL', '513 Silver Ct', '', '08690', 'Trenton', 'NJ', 0, 0, '', '0000-00-00 00:00:00', '0000-00-00 00:00:00', NULL),
  (337, 1, 0, 'Duane', 'McQuigg', '', '', '6095336202', '6095336202', '', '611 Livingston Dr', '', '08690', 'Trenton', 'NJ', 0, 0, '', '0000-00-00 00:00:00', '0000-00-00 00:00:00', NULL),
  (338, 1, 0, 'Bradi', 'Houx', '', 'xxxAngelEyesxx3@aol.com', '6092132382', '6092132382', 'L', '213 Zieglers Ln', '', '08690', 'Trenton', 'NJ', 0, 0, '', '0000-00-00 00:00:00', '0000-00-00 00:00:00', NULL),
  (339, 1, 0, 'Kevin', 'Yuncza', '', 'kyuncza@optonline.net', '6095581749', '6095581749', 'XL', '660 Paxson Ave', '', '08690', 'Trenton', 'NJ', 0, 0, '', '0000-00-00 00:00:00', '0000-00-00 00:00:00', NULL),
  (340, 1, 0, 'Bill', 'Potts', '', 'PottsWJP1963@aol.com', '2152906010', '2152906010', '', '', '', '', '', '', 0, 0, '', '0000-00-00 00:00:00', '0000-00-00 00:00:00', NULL),
  (341, 1, 0, 'Greg', 'Dworak', '', 'gregory.dworak@mac.com', '9545315183', '9545315183', '2XL', '16 Woodside Ave', '', '', '', '', 0, 0, '', '0000-00-00 00:00:00', '0000-00-00 00:00:00', NULL),
  (342, 1, 0, 'Margie', 'Derr', '', '', '6096102348', '6096102348', '', '', '', '', '', '', 0, 0, '', '0000-00-00 00:00:00', '0000-00-00 00:00:00', NULL),
  (343, 1, 0, 'PJ', 'Cooper', '', 'PJCooper19@gmail.com', '9085079358', '9085079358', '', '', '', '', '', '', 0, 0, '', '0000-00-00 00:00:00', '0000-00-00 00:00:00', NULL),
  (344, 1, 0, 'Tommy', 'Haley', '', 'tommyhaley28@gmail.com', '6095753884', '6095753884', 'L', '574 Cleardale Ave', '', '08628', 'Ewing', 'NJ', 0, 0, '', '0000-00-00 00:00:00', '0000-00-00 00:00:00', NULL),
  (345, 1, 0, 'Dave', 'Ust', '', 'Davidust@gmail.com', '9082088602', '9082088602', '3XL', '93 N. Edward St', '', '08872', 'Sayreville', 'NJ', 0, 0, '', '0000-00-00 00:00:00', '0000-00-00 00:00:00', NULL),
  (346, 1, 0, 'James', 'Henitz', '', 'james.Henitz@gmail.com', '5512652495', '5512652495', 'M', '', '', '', '', '', 0, 0, '', '0000-00-00 00:00:00', '0000-00-00 00:00:00', NULL),
  (347, 1, 0, 'PJ', 'Dorio', '', 'atlfan4life22@gmail.com', '6094772941', '6094772941', 'L', '4 Birch Run Ct', '', '08628', 'Ewing', 'NJ', 0, 0, '', '0000-00-00 00:00:00', '0000-00-00 00:00:00', NULL),
  (348, 1, 0, 'Kyle', 'Quinn', '', '', '9084563566', '9084563566', '', '', '', '', '', '', 0, 0, '', '0000-00-00 00:00:00', '0000-00-00 00:00:00', NULL),
  (349, 1, 0, 'Brian', 'Hart', '', 'hartattack013@gmail.com', '7326923306', '7326923306', 'M', '2001 County Lane', '', '08628', 'Ewing', 'NJ', 0, 0, '', '0000-00-00 00:00:00', '0000-00-00 00:00:00', NULL),
  (350, 1, 0, 'Joe', 'Cruz', '', 'jcruz711@hotmail.com', '6098471005', '6098471005', 'XL', '14 Bedford Dr.', '', '08628', 'Ewing', 'NJ', 0, 0, '', '0000-00-00 00:00:00', '0000-00-00 00:00:00', NULL),
  (351, 1, 0, 'Tom', 'Lowden', '', 'TBLowden@aol.com', '6096589067', '6096589067', '2XL', '', '', '', '', '', 0, 0, '', '0000-00-00 00:00:00', '2015-09-25 18:13:22', NULL),
  (352, 1, 0, 'Jen', 'Lowden', '', 'jennielowden@yahoo.com', '6094332070', '6094332070', 'XL', '', '', '', '', '', 0, 0, '', '0000-00-00 00:00:00', '2015-09-25 18:14:09', NULL),
  (353, 1, 0, 'Sean', 'Lowden', '', 'Sean.Lowden@verizon.net', '2679072724', '2679072724', 'XL', '', '', '', '', '', 0, 0, '', '0000-00-00 00:00:00', '0000-00-00 00:00:00', NULL),
  (354, 1, 0, 'Linda', 'Scarlatta', '', 'Star1ite22@aol.com', '6093461290', '6093461290', '', '', '', '', '', '', 0, 0, '', '0000-00-00 00:00:00', '0000-00-00 00:00:00', NULL),
  (355, 1, 0, 'Brett', 'Wackley', '', '', '6094681612', '6094681612', '', '', '', '', '', '', 0, 0, '', '0000-00-00 00:00:00', '0000-00-00 00:00:00', NULL),
  (356, 1, 0, 'Sheila', 'Kucker', '', 'sheila.kucker@gmail.com', '6099540664', '6099540664', '3XL', '', '', '', '', '', 0, 0, '', '0000-00-00 00:00:00', '0000-00-00 00:00:00', NULL),
  (357, 1, 0, 'Ashley', 'Lawson', '', 'AshleyLawson21@gmail.com', '6095582403', '6095582403', 'L', '', '', '', '', '', 0, 0, '', '0000-00-00 00:00:00', '0000-00-00 00:00:00', NULL),
  (358, 1, 0, 'Bill', 'Ray', '', 'WilliamERay@yahoo.com', '9088683265', '9088683265', '', '', '', '', '', '', 0, 0, '', '0000-00-00 00:00:00', '0000-00-00 00:00:00', NULL),
  (359, 1, 0, 'Bob', 'Baskowsky', '', 'Wknd1der@aol.com', '6096496136', '6096496136', 'XL', '', '', '', '', '', 0, 0, '', '0000-00-00 00:00:00', '0000-00-00 00:00:00', NULL),
  (360, 1, 0, 'Rich', 'Roberts', '', '', '6092136388', '6092136388', '', '', '', '', '', '', 0, 0, '', '0000-00-00 00:00:00', '0000-00-00 00:00:00', NULL),
  (361, 1, 0, 'Steve', 'Miller', '', '', '6094989161', '6094989161', '', '', '', '', '', '', 0, 0, '', '0000-00-00 00:00:00', '0000-00-00 00:00:00', NULL),
  (362, 1, 0, 'George', 'Foster', '', '', '6094215598', '6094215598', '2XL', '', '', '', '', '', 0, 0, '', '0000-00-00 00:00:00', '0000-00-00 00:00:00', NULL),
  (363, 1, 0, 'Clarence', 'VanPelt', '', '', '6092030439', '6092030439', '', '', '', '', '', '', 0, 0, '', '0000-00-00 00:00:00', '0000-00-00 00:00:00', NULL),
  (364, 1, 0, 'Josh', 'Pavlov', '', 'jpav81@yahoo.com', '6093322812', '6093322812', '2XL', '184 Weber Ave', '', '08638', 'Trenton', 'NJ', 0, 0, '', '0000-00-00 00:00:00', '0000-00-00 00:00:00', NULL),
  (365, 1, 0, 'Gary', 'Doan Jr.', '', 'boomdup@yahoo.com', '2679874216', '2679874216', '3XL', '', '', '', '', '', 0, 0, '', '0000-00-00 00:00:00', '0000-00-00 00:00:00', NULL),
  (366, 1, 0, 'Eric', 'Scott', '', 'batteredspoons@yahoo.com', '2125954021', '2125954021', 'XL', '', '', '', '', '', 0, 0, '', '0000-00-00 00:00:00', '0000-00-00 00:00:00', NULL),
  (367, 1, 0, 'Josh', 'Mironov', '', 'mironov51@yahoo.com', '6092731813', '6092731813', 'M', '24 Tindall Rd', '', '08691', 'Robbinsville', 'NJ', 0, 0, '', '0000-00-00 00:00:00', '0000-00-00 00:00:00', NULL),
  (368, 1, 0, 'Leonard', 'Kelly', '', 'chiro1020@aol.com', '6099156845', '6099156845', 'L', '2 Twain Dr', '', '08501', 'Allentown', 'NJ', 0, 0, '', '0000-00-00 00:00:00', '0000-00-00 00:00:00', NULL),
  (369, 1, 0, 'Paul', 'Inverso', '', 'InversoP@aol.com', '6096752345', '6096752345', '', '108 Estates Blvd Apt 219', '', '08690', 'Trenton', 'NJ', 0, 0, '', '0000-00-00 00:00:00', '0000-00-00 00:00:00', NULL),
  (370, 1, 0, 'Dan', 'Latham', '', 'daniel.s.latham@gmail.com', '4346782758', '4346782758', 'XL', '', '', '', '', '', 0, 0, '', '0000-00-00 00:00:00', '0000-00-00 00:00:00', NULL),
  (371, 1, 0, 'Jennifer', 'Placko', '', 'jpnmouse@aol.com', '6093514553', '6093514553', 'XL', '217 Weslay Ln', '', '', '', '', 0, 0, '', '0000-00-00 00:00:00', '0000-00-00 00:00:00', NULL),
  (372, 1, 0, 'Ben', 'Pilger', '', '', '6092278414', '6092278414', '', '', '', '', '', '', 0, 0, '', '0000-00-00 00:00:00', '0000-00-00 00:00:00', NULL),
  (373, 1, 0, 'Michael', 'Denelsbeck Sr.', '', '', '6092986162', '6092986162', 'XL', '', '', '', '', '', 0, 0, '', '0000-00-00 00:00:00', '0000-00-00 00:00:00', NULL),
  (374, 1, 0, 'Michael', 'Denelsbeck Jr.', '', 'coachmike04@comcast.net', '6099648246', '6099648246', 'XL', '', '', '', '', '', 0, 0, '', '0000-00-00 00:00:00', '0000-00-00 00:00:00', NULL),
  (375, 1, 0, 'Stan', 'Botlinger', '', 'btlngr@yahoo.com', '6099646101', '6099646101', 'XL', '', '', '', '', '', 0, 0, '', '0000-00-00 00:00:00', '2015-09-25 18:10:46', NULL),
  (376, 1, 0, 'Rich', 'Horner', '', 'horner0621@yahoo.com', '6093149612', '6093149612', 'XL', '', '', '', '', '', 0, 0, '', '0000-00-00 00:00:00', '0000-00-00 00:00:00', NULL),
  (377, 1, 0, 'Buddy', 'Ralston', '', 'cralston3@gmail.com', '6099774126', '6099774126', 'XL', '', '', '', '', '', 0, 0, '', '0000-00-00 00:00:00', '0000-00-00 00:00:00', NULL),
  (378, 1, 0, 'Bill', 'Lebak', '', 'william.lebak@gmail.com', '6099473527', '6099473527', 'XL', '', '', '', '', '', 0, 0, '', '0000-00-00 00:00:00', '2015-09-25 18:11:33', NULL),
  (379, 1, 0, 'Frank', 'Wilcox', '', 'frankfire108@comcast.net', '6092091983', '6092091983', 'XL', '', '', '', '', '', 0, 0, '', '0000-00-00 00:00:00', '0000-00-00 00:00:00', NULL),
  (380, 1, 0, 'Anthony', 'Nagel', '', '', '6092404379', '6092404379', 'XL', '', '', '', '', '', 0, 0, '', '0000-00-00 00:00:00', '0000-00-00 00:00:00', NULL),
  (381, 1, 0, 'Mike', 'Weckenbrock', 'Fluffy', 'wecken16@yahoo.com', '6097124753', '6097124753', '2XL', '', '', '', '', '', 0, 0, '', '0000-00-00 00:00:00', '0000-00-00 00:00:00', NULL),
  (382, 1, 0, 'Vince', 'Scannella', '', 'vscannella943@verizon.net', '6092182809', '6092182809', 'L', '', '', '', '', '', 0, 0, '', '0000-00-00 00:00:00', '0000-00-00 00:00:00', NULL),
  (384, 1, 0, 'Eoin', 'O''Reilly', '', 'eoreilly74@gmail.com', '7325983027', '7325983027', 'M', '', '', '', '', '', 0, 0, '', '0000-00-00 00:00:00', '0000-00-00 00:00:00', NULL),
  (385, 1, 0, 'Todd', 'Kikol', '', 'todd.kikol@blackrock.com', '6092824834', '6092824834', '', '', '', '', '', '', 0, 0, '', '0000-00-00 00:00:00', '0000-00-00 00:00:00', NULL),
  (386, 1, 0, 'Jim', 'Lynch', '', 'jlynch317@comcast.net', '6092545370', '6092545370', 'XL', '', '', '', '', '', 0, 0, '', '0000-00-00 00:00:00', '0000-00-00 00:00:00', NULL),
  (387, 1, 0, 'Doug', 'Tantum', '', '', '', '', '', '', '', '', '', '', 0, 0, '', '0000-00-00 00:00:00', '0000-00-00 00:00:00', NULL),
  (388, 1, 0, 'Charlie', 'Mikolajczak', '', 'charlesmikolajczak@verizon.net', '', '', '', '', '', '', '', '', 0, 0, '', '0000-00-00 00:00:00', '0000-00-00 00:00:00', NULL),
  (390, 1, 0, 'Shaun', 'Stevens', '', '', '', '', '', '', '', '', '', '', 0, 0, '', '0000-00-00 00:00:00', '0000-00-00 00:00:00', NULL),
  (391, 1, 0, 'Paul', 'Weichler', '', '', '6092033624', '6092033624', '2XL', '', '', '', '', '', 0, 0, '', '0000-00-00 00:00:00', '0000-00-00 00:00:00', NULL),
  (392, 1, 0, 'Dave', '?', '', '', '2159011650', '2159011650', '2XL', '', '', '', '', '', 0, 0, '', '0000-00-00 00:00:00', '0000-00-00 00:00:00', NULL),
  (393, 1, 0, 'Jim', 'Trusnik', '', 'trusshaft@gmail.com', '6095036133', '6095036133', 'XL', '', '', '', '', '', 0, 0, '', '0000-00-00 00:00:00', '0000-00-00 00:00:00', NULL),
  (394, 1, 0, 'Samantha', 'Coccia', '', 'samanthac313@gmail.com', '6094215909', '6094215909', '3XL', '', '', '', '', '', 0, 0, '', '0000-00-00 00:00:00', '0000-00-00 00:00:00', NULL),
  (395, 1, 0, 'Paul', 'Gollinge', '', 'pgollinge@aol.com', '6094038311', '6094038311', '3XL', '', '', '', '', '', 0, 0, '', '0000-00-00 00:00:00', '0000-00-00 00:00:00', NULL),
  (396, 1, 0, 'Devin', 'Peters', '', 'dpeters241@yahoo.com', '6092273143', '6092273143', '2XL', '', '', '', '', '', 0, 0, '', '0000-00-00 00:00:00', '0000-00-00 00:00:00', NULL),
  (397, 1, 0, 'Mike', 'Lamson', '', 'blink9800@aol.com', '6094779628', '6094779628', 'XL', '', '', '', '', '', 0, 0, '', '0000-00-00 00:00:00', '0000-00-00 00:00:00', NULL),
  (398, 1, 0, 'Bill', 'Barnett', '', 'bbeng227@verizon.net', '6096582584', '6096582584', 'L', '', '', '', '', '', 0, 0, '', '0000-00-00 00:00:00', '0000-00-00 00:00:00', NULL),
  (400, 1, 0, 'Tim', 'Montaque', '', 'tjmm700@yahoo.com', '6094770647', '6094770647', 'L', '', '', '', '', '', 0, 0, '', '0000-00-00 00:00:00', '0000-00-00 00:00:00', NULL),
  (401, 1, 0, 'Rich', 'Kowal', '', '', '', '', '', '', '', '', '', '', 0, 0, '', '0000-00-00 00:00:00', '0000-00-00 00:00:00', NULL),
  (402, 1, 0, 'Paul', 'Rocco', '', '', '6094892000', '6094892000', '2XL', '', '', '', '', '', 0, 0, '', '0000-00-00 00:00:00', '0000-00-00 00:00:00', NULL),
  (403, 1, 0, 'Ken', 'Schrader', '', '', '6098515350', '6098515350', '2XL', '', '', '', '', '', 0, 0, '', '0000-00-00 00:00:00', '0000-00-00 00:00:00', NULL),
  (404, 1, 0, 'Jim', 'McGuire', '', 'jimmcguire19@gmail.com', '7322216497', '7322216497', '3XL', '', '', '', '', '', 0, 0, '', '0000-00-00 00:00:00', '0000-00-00 00:00:00', NULL),
  (405, 1, 0, 'Shawn', 'Kiernan', '', 'skiernan21@yahoo.com', '6098024331', '6098024331', 'XL', '', '', '', '', '', 0, 0, '', '0000-00-00 00:00:00', '0000-00-00 00:00:00', NULL),
  (406, 1, 0, 'Roger', 'Cooney', '', 'r.patrick.cooney@gmail.com', '7326202294', '7326202294', 'L', '16 Federal City Rd', '', '08628', 'Ewing', 'NJ', 0, 0, '', '0000-00-00 00:00:00', '0000-00-00 00:00:00', NULL),
  (408, 1, 0, 'Jackie', 'Sullivan', '', '', '', '', '', '', '', '', '', '', 0, 0, '', '0000-00-00 00:00:00', '0000-00-00 00:00:00', NULL),
  (409, 1, 0, 'Tom', 'Kelly', '', '', '6092033960', '6092033960', 'XL', '', '', '', '', '', 0, 0, '', '0000-00-00 00:00:00', '0000-00-00 00:00:00', NULL),
  (410, 1, 0, 'Randy', 'Jarvie', '', 'turbomiata@verizon.net', '6098836610', '6098836610', 'L', '', '', '', '', '', 0, 0, '', '0000-00-00 00:00:00', '0000-00-00 00:00:00', NULL),
  (411, 1, 0, 'Bob', 'Keim', '', 'bksr268@sprintblackberry.net', '6095853044', '6095853044', 'S', '', '', '', '', '', 0, 0, '', '0000-00-00 00:00:00', '0000-00-00 00:00:00', NULL),
  (412, 1, 0, 'Ray', 'Awad', '', 'moonrisee@hotmail.com', '6095299449', '6095299449', '2XL', '', '', '', '', '', 0, 0, '', '0000-00-00 00:00:00', '0000-00-00 00:00:00', NULL),
  (413, 1, 0, 'Tom', 'Kopp', '', 'tkopp1000@verizon.net', '2675663155', '2675663155', 'L', '', '', '', '', '', 0, 0, '', '0000-00-00 00:00:00', '0000-00-00 00:00:00', NULL),
  (414, 1, 0, 'Chris', 'Schaeffer', '', 'chrisschaeffer7@msn.com', '6094628621', '6094628621', 'XL', '', '', '', '', '', 0, 0, '', '0000-00-00 00:00:00', '0000-00-00 00:00:00', NULL),
  (415, 1, 0, 'Bill', 'McLaughlin', '', '', '6095770095', '6095770095', '2XL', '', '', '', '', '', 0, 0, '', '0000-00-00 00:00:00', '0000-00-00 00:00:00', NULL),
  (416, 1, 0, 'JR', 'Whitcraft', '', 'ewhitcraft01@gmail.com', '6094248814', '6094248814', 'XL', '909 Lalor St', '', '08610', 'Trenton', 'NJ', 0, 0, '', '0000-00-00 00:00:00', '0000-00-00 00:00:00', NULL),
  (421, 1, 0, 'Matt', 'Schulte', '', 'matt_shulte@hotmail.com', '6098479519', '6098479519', 'XL', '', '', '', '', '', 0, 0, '', '0000-00-00 00:00:00', '0000-00-00 00:00:00', NULL),
  (422, 1, 0, 'Scott', 'Cirello', '', 'sscirello@gmail.com', '6094773216', '6094773216', 'XL', '', '', '', '', '', 0, 0, '', '0000-00-00 00:00:00', '2015-09-25 18:07:18', NULL),
  (423, 1, 0, 'Rich', 'DeLuca', '', 'store5952@theupsstore.com', '', '', '', '', '', '', '', '', 0, 0, '', '0000-00-00 00:00:00', '0000-00-00 00:00:00', NULL),
  (425, 1, 0, 'Matt', 'Brozena', '', '', '6096388660', '6096388660', '3XL', '', '', '', '', '', 0, 0, '', '0000-00-00 00:00:00', '0000-00-00 00:00:00', NULL),
  (426, 1, 0, 'Scott', 'Stemmer', '', 'sstemmer522@msn.com', '6097319829', '6097319829', 'XL', '', '', '', '', '', 0, 0, '', '0000-00-00 00:00:00', '0000-00-00 00:00:00', NULL),
  (427, 1, 0, 'Rick', 'Czarnecki', '', '', '6095717282', '6095717282', '3XL', '34 Rutledge Ave', '', '08618', 'Trenton', 'NJ', 0, 0, '', '0000-00-00 00:00:00', '0000-00-00 00:00:00', NULL),
  (428, 1, 0, 'Howard', 'Schumacher', '', 'schumach150@gmail.com', '6092032811', '6092032811', 'XL', '', '', '', '', '', 0, 0, '', '0000-00-00 00:00:00', '0000-00-00 00:00:00', NULL),
  (429, 1, 0, 'Alan', 'Schumacher', '', 'alan.schumacher@bms.com', '6097124850', '6097124850', 'L', '', '', '', '', '', 0, 0, '', '0000-00-00 00:00:00', '0000-00-00 00:00:00', NULL),
  (430, 1, 0, 'Douglas', 'Williams', '', 'kruftyhack@gmail.com', '6092137923', '6092137923', 'XL', '', '', '', '', '', 0, 0, '', '0000-00-00 00:00:00', '0000-00-00 00:00:00', NULL),
  (431, 1, 0, 'Brian', 'Holzhauer', '', 'bsh0309@hotmail.com', '2153787071', '2153787071', 'XL', '', '', '', '', '', 0, 0, '', '0000-00-00 00:00:00', '0000-00-00 00:00:00', NULL),
  (432, 1, 0, 'Steve', 'Flam', '', 'sflam50@gmail.com', '6096721257', '6096721257', 'XL', '', '', '', '', '', 0, 0, '', '0000-00-00 00:00:00', '0000-00-00 00:00:00', NULL),
  (433, 1, 0, 'Al', 'Moulder', '', 'Almo@me.com', '6097126710', '6097126710', 'L', '', '', '', '', '', 0, 0, '', '0000-00-00 00:00:00', '2015-09-25 18:49:07', NULL),
  (434, 1, 0, 'Randy', 'Zapoliski', '', 'randallzapolski@gmail.com', '6092138482', '6092138482', 'L', '', '', '', '', '', 0, 0, '', '0000-00-00 00:00:00', '0000-00-00 00:00:00', NULL),
  (435, 1, 0, 'Tim', 'Tezak', '', 'timtezak@yahoo.com', '9733052202', '9733052202', 'XL', '', '', '', '', '', 0, 0, '', '0000-00-00 00:00:00', '0000-00-00 00:00:00', NULL),
  (436, 1, 0, 'Steve', 'Jones', '', '', '', '', 'XL', '', '', '', '', '', 0, 0, '', '0000-00-00 00:00:00', '0000-00-00 00:00:00', NULL),
  (437, 1, 0, 'John', 'Little', '', 'call4cool@gmail.com', '', '', 'XL', '', '', '', '', '', 0, 0, '', '0000-00-00 00:00:00', '0000-00-00 00:00:00', NULL),
  (438, 1, 0, 'Becky', 'Welser', '', 'receccawelser@yahoo.com', '', '', '2XL', '', '', '', '', '', 0, 0, '', '0000-00-00 00:00:00', '0000-00-00 00:00:00', NULL),
  (439, 1, 0, 'Jim', 'Wysienski', '', '', '', '', 'XL', '', '', '', '', '', 0, 0, '', '0000-00-00 00:00:00', '0000-00-00 00:00:00', NULL),
  (440, 1, 0, 'Junior', 'House', '', '', '', '', '2XL', '', '', '', '', '', 0, 0, '', '0000-00-00 00:00:00', '0000-00-00 00:00:00', NULL),
  (441, 1, 0, 'Jason', 'Woodhead', '', '', '6098176732', '6098176732', 'XL', '', '', '', '', '', 0, 0, '', '0000-00-00 00:00:00', '0000-00-00 00:00:00', NULL),
  (442, 1, 0, 'Justin', 'Valpreda', '', 'justin.valpreda@yahoo.com ', '6095327350', '6095327350', 'L', '', '', '', '', '', 0, 0, '', '0000-00-00 00:00:00', '0000-00-00 00:00:00', NULL),
  (443, 1, 0, 'Chay', 'Jenkins', '', '', '4197071407', '4197071407', 'M', '', '', '', '', '', 0, 0, '', '0000-00-00 00:00:00', '0000-00-00 00:00:00', NULL),
  (444, 1, 0, 'Taylor', 'Reed', '', '', '7329915136', '7329915136', 'M', '', '', '', '', '', 0, 0, '', '0000-00-00 00:00:00', '0000-00-00 00:00:00', NULL),
  (445, 1, 0, 'Eric', 'Nutt', '', '', '7325008144', '7325008144', 'XL', '', '', '', '', '', 0, 0, '', '0000-00-00 00:00:00', '0000-00-00 00:00:00', NULL),
  (446, 1, 0, 'Matt', 'Babice', '', '', '6094330532', '6094330532', 'L', '', '', '', '', '', 0, 0, '', '0000-00-00 00:00:00', '0000-00-00 00:00:00', NULL),
  (447, 1, 0, 'James', 'Hunt', '', '', '6095166542', '6095166542', 'XL', '', '', '', '', '', 0, 0, '', '0000-00-00 00:00:00', '0000-00-00 00:00:00', NULL),
  (448, 1, 0, 'Jason', 'Smith', '', '', '6096100406', '6096100406', 'M', '', '', '', '', '', 0, 0, '', '0000-00-00 00:00:00', '0000-00-00 00:00:00', NULL),
  (449, 1, 0, 'Tom', 'Barnett', '', 'tjbarnett@verizon.net', '6098281379', '6098281379', 'M', '', '', '', '', '', 0, 0, '', '0000-00-00 00:00:00', '0000-00-00 00:00:00', NULL),
  (450, 1, 0, 'Garry', 'Out', '', 'gtout@akfgroup.com', '6099775608', '6099775608', '2XL', '', '', '', '', '', 0, 0, '', '0000-00-00 00:00:00', '0000-00-00 00:00:00', NULL),
  (451, 1, 0, 'Jim', 'Traeger', '', 'jim.traeger@gmail.com', '9206802587', '9206802587', 'XL', '', '', '', '', '', 0, 0, '', '0000-00-00 00:00:00', '0000-00-00 00:00:00', NULL),
  (452, 1, 0, 'Tom', 'O''Keson', '', 'tokeson735@aol.com', '6095772980', '6095772980', '3XL', '', '', '', '', '', 0, 0, '', '0000-00-00 00:00:00', '0000-00-00 00:00:00', NULL),
  (454, 1, 0, 'Frank', 'Sforza', '', '', '', '', 'L', '', '', '', '', '', 0, 0, '', '0000-00-00 00:00:00', '0000-00-00 00:00:00', NULL),
  (455, 1, 0, 'John', 'Serpico', 'Doggs', 'serpico792@gmail.com', '6097313523', '6097313523', '2XL', '', '', '', '', '', 0, 0, '', '0000-00-00 00:00:00', '2015-09-20 18:54:27', NULL),
  (456, 1, 0, 'Chris', 'Zegan', '', 'atrongamer@gmail.com', '6097757628', '6097757628', '4XL', '', '', '', '', '', 0, 0, '', '0000-00-00 00:00:00', '0000-00-00 00:00:00', NULL),
  (457, 1, 0, 'Mike', 'Goehrig', '', 'njlongbeard@gmail.com', '6097893201', '6097893201', 'XL', '', '', '', '', '', 0, 0, '', '0000-00-00 00:00:00', '0000-00-00 00:00:00', NULL),
  (458, 1, 0, 'Kristin', 'Hartig', '', 'klhartig@yahoo.com', '6097893200', '6097893200', 'L', '', '', '', '', '', 0, 0, '', '0000-00-00 00:00:00', '0000-00-00 00:00:00', NULL),
  (459, 1, 0, 'Sean', 'Dillon', '', 'scdillon16@gmail.com', '6095327485', '6095327485', '3XL', '', '', '', '', '', 0, 0, '', '0000-00-00 00:00:00', '0000-00-00 00:00:00', NULL),
  (460, 1, 0, 'Bob', 'Betros', '', 'bob.betros@gmail.com', '6092731768', '6092731768', 'L', '', '', '', '', '', 0, 0, '', '0000-00-00 00:00:00', '2015-09-25 18:13:48', NULL),
  (461, 1, 0, 'Brian', 'Farkas', '', 'brian_farkas@yahoo.com', '6099540862', '6099540862', 'L', '', '', '', '', '', 0, 0, '', '0000-00-00 00:00:00', '0000-00-00 00:00:00', NULL),
  (462, 1, 0, 'Jimmy', 'Egan', '', 'jegan@pflaumer.com', '6095044500', '6095044500', 'L', '', '', '', '', '', 0, 0, '', '0000-00-00 00:00:00', '0000-00-00 00:00:00', NULL),
  (463, 1, 0, 'Ricky', 'Bobby', '', '', '6095717282', '6095717282', '2XL', '', '', '', '', '', 0, 0, '', '0000-00-00 00:00:00', '0000-00-00 00:00:00', NULL),
  (464, 1, 0, 'Nick', 'Pingator', '', 'pinger7066@hotmail.com', '6098512748', '6098512748', 'XL', '', '', '', '', '', 0, 0, '', '0000-00-00 00:00:00', '0000-00-00 00:00:00', NULL),
  (465, 1, 0, 'Dennis', 'Muka', '', 'dmmuka@optonline.net', '6099025414', '6099025414', 'L', '', '', '', '', '', 0, 0, '', '0000-00-00 00:00:00', '0000-00-00 00:00:00', NULL),
  (466, 1, 0, 'Matt', 'Opacki', '', 'sm420sm@hotmail.com', '6092273080', '6092273080', 'XL', '', '', '', '', '', 0, 0, '', '0000-00-00 00:00:00', '0000-00-00 00:00:00', NULL),
  (467, 1, 0, 'Joan', 'Opacki', '', 'joantafrow@hotmail.com', '6099330607', '6099330607', 'M', '', '', '', '', '', 0, 0, '', '0000-00-00 00:00:00', '0000-00-00 00:00:00', NULL),
  (468, 1, 0, 'Liz', 'Whelan', '', 'elizawhelan17@gmail.com', '6096105461', '6096105461', 'XL', '', '', '', '', '', 0, 0, '', '0000-00-00 00:00:00', '0000-00-00 00:00:00', NULL),
  (469, 1, 0, 'Matt', 'Summers', '', 'summsm@yahoo.com', '2153507291', '2153507291', 'XL', '', '', '', '', '', 0, 0, '', '0000-00-00 00:00:00', '0000-00-00 00:00:00', NULL),
  (470, 1, 0, 'Anthony', 'Cenneno', '', 'starc1@comcast.net', '', '', 'XL', '', '', '', '', '', 0, 0, '', '0000-00-00 00:00:00', '0000-00-00 00:00:00', NULL),
  (471, 1, 0, 'Mark', 'McFaddon', '', '', '', '', '', '', '', '', '', '', 0, 0, '', '0000-00-00 00:00:00', '0000-00-00 00:00:00', NULL),
  (472, 1, 0, 'Sean', 'Parliament', '', 'sparlimentipi@gmail.com', '', '', '', '', '', '', '', '', 0, 0, '', '0000-00-00 00:00:00', '0000-00-00 00:00:00', NULL),
  (473, 1, 0, 'Mary', 'Meagher', '', '', '', '', '', '', '', '', '', '', 0, 0, '', '0000-00-00 00:00:00', '2015-09-25 18:51:00', NULL),
  (474, 1, 0, 'Geoff', 'Thomas', '', 'thomasgeoffreyh@gmail.com', '2024223314', '2024223314', 'L', '', '', '', '', '', 0, 0, '', '0000-00-00 00:00:00', '0000-00-00 00:00:00', NULL),
  (475, 1, 0, 'John', 'Scurti', '', 'ford79400@comcast.net', '2153595265', '2153595265', '2XL', '', '', '', '', '', 0, 0, '', '0000-00-00 00:00:00', '0000-00-00 00:00:00', NULL),
  (476, 1, 0, 'Jim', 'Moulds', '', 'immouldsie@aol.com', '6096582326', '6096582326', '4XL', '', '', '', '', '', 0, 0, '', '0000-00-00 00:00:00', '0000-00-00 00:00:00', NULL),
  (477, 1, 0, 'Scott', 'Nichols', '', 'sjnichols72@gmail.com', '6097312596', '6097312596', 'XL', '', '', '', '', '', 0, 0, '', '0000-00-00 00:00:00', '0000-00-00 00:00:00', NULL),
  (478, 1, 0, 'John', 'Sullivan', '', 'Sully461@hotmail.com', '6092032226', '6092032226', 'M', '', '', '', '', '', 0, 0, '', '0000-00-00 00:00:00', '0000-00-00 00:00:00', NULL),
  (479, 1, 0, 'Dan', 'Grabaldi', '', 'grabaldi2000@yahoo.com', '6097313631', '6097313631', '2XL', '', '', '', '', '', 0, 0, '', '0000-00-00 00:00:00', '0000-00-00 00:00:00', NULL),
  (480, 1, 0, 'George', 'Note', '', '', '', '', '', '', '', '', '', '', 0, 0, '', '0000-00-00 00:00:00', '0000-00-00 00:00:00', NULL),
  (482, 1, 0, 'Paz', '', '', '', '', '', '', '', '', '', '', '', 0, 0, '', '0000-00-00 00:00:00', '0000-00-00 00:00:00', NULL),
  (483, 1, 0, 'Pat', '', '', '', '', '', '', '', '', '', '', '', 0, 0, '', '0000-00-00 00:00:00', '0000-00-00 00:00:00', NULL),
  (484, 1, 0, 'Tim', 'Lloyd', '', 'tpl883lloyd@aol.com', '6095322901', '6095322901', '2XL', '', '', '', '', '', 0, 0, '', '0000-00-00 00:00:00', '0000-00-00 00:00:00', NULL),
  (485, 1, 0, 'Mahendra', 'Desilva', 'Mac', 'mdesilva29@comcast.net', '7327182240', '7327182240', '3XL', '', '', '', '', '', 0, 0, '', '0000-00-00 00:00:00', '0000-00-00 00:00:00', NULL),
  (486, 1, 0, 'Don', 'Willever', '', ' shamrox301@gmail.com', '6095778246', '6095778246', '', '', '', '', '', '', 0, 0, '', '0000-00-00 00:00:00', '0000-00-00 00:00:00', NULL),
  (487, 1, 0, 'Tom', 'Dechan', '', 'tfdechan@verizon.net', '', '', '', '', '', '', '', '', 0, 0, '', '0000-00-00 00:00:00', '0000-00-00 00:00:00', NULL),
  (488, 1, 0, 'Anthony', 'Cacace', '', 'anthony.cacace@axa-advisors.com', '6092038438', '6092038438', 'XL', '', '', '', '', '', 0, 0, '', '0000-00-00 00:00:00', '2015-09-25 18:53:01', NULL),
  (489, 1, 0, 'Tim', 'Dechan', '', '', '', '', '', '', '', '', '', '', 0, 0, '', '0000-00-00 00:00:00', '0000-00-00 00:00:00', NULL),
  (490, 1, 0, 'Christine', 'Williams', '', '', '', '', '', '', '', '', '', '', 0, 0, '', '0000-00-00 00:00:00', '0000-00-00 00:00:00', NULL),
  (491, 1, 0, 'John', 'Meade', '', 'johnnynibbles@gmail.com', '6097923676', '6097923676', 'XL', '', '', '', '', '', 0, 0, '', '0000-00-00 00:00:00', '0000-00-00 00:00:00', '2015-09-23 04:00:00'),
  (492, 1, 0, 'Rich', 'Pingitor', '', '', '', '', '3XL', '', '', '', '', '', 0, 0, '', '0000-00-00 00:00:00', '0000-00-00 00:00:00', NULL),
  (493, 1, 0, 'Josh', 'McGann', '', 'mcgann15@verizon.net', '6094338232', '6094338232', '2XL', '', '', '', '', '', 0, 0, '', '0000-00-00 00:00:00', '0000-00-00 00:00:00', NULL),
  (494, 1, 0, 'Frank', 'DeMarcello', '', 'sportsmens819@aol.com', '6094569847', '6094569847', '4XL', '', '', '', '', '', 0, 0, '', '0000-00-00 00:00:00', '0000-00-00 00:00:00', NULL),
  (495, 1, 0, 'Matt', 'Yannuzzi', '', 'mattyannuzzi27@gmail.com', '8622017603', '8622017603', '2XL', '', '', '', '', '', 0, 0, '', '0000-00-00 00:00:00', '0000-00-00 00:00:00', NULL),
  (496, 1, 0, 'Sue', 'Cafone', '', 'sue2152@comcast.net', '8622017603', '8622017603', 'L', '', '', '', '', '', 0, 0, '', '0000-00-00 00:00:00', '0000-00-00 00:00:00', NULL),
  (497, 1, 0, 'Chip', 'Naturile', '', 'tnaturile@verizon.net', '', '', 'XL', '', '', '', '', '', 0, 0, '', '0000-00-00 00:00:00', '0000-00-00 00:00:00', NULL);
INSERT INTO `players` (`id`, `leagueId`, `userId`, `firstName`, `lastName`, `nickname`, `email`, `homePhone`, `cellPhone`, `shirtSize`, `address1`, `address2`, `city`, `state`, `zip`, `acceptText`, `acceptEmail`, `notes`, `created_at`, `updated_at`, `deleted_at`) VALUES
  (498, 1, 0, 'Dave', 'Beck', '', 'dgb08941@yahoo.com', '6096587221', '6096587221', 'XL', '', '', '', '', '', 0, 0, '', '0000-00-00 00:00:00', '2015-09-25 18:05:16', NULL),
  (499, 1, 0, 'Gary', 'Duncan', '', 'trainses@aol.com', '6092736059', '6092736059', 'L', '', '', '', '', '', 0, 0, '', '0000-00-00 00:00:00', '0000-00-00 00:00:00', NULL),
  (500, 1, 0, 'Wally', 'Garay', '', 'yankeewing@aol.com', '6095165252', '6095165252', 'XL', '', '', '', '', '', 0, 0, '', '0000-00-00 00:00:00', '0000-00-00 00:00:00', NULL),
  (501, 1, 0, 'Nick', 'Riley', '', 'riles323@hotmail.com', '7327133513', '7327133513', 'L', '', '', '', '', '', 0, 0, '', '0000-00-00 00:00:00', '0000-00-00 00:00:00', NULL),
  (502, 1, 0, 'Jim', 'Tranter', '', 'jrtranter62@gmail.com', '6097513986', '6097513986', 'XL', '', '', '', '', '', 0, 0, '', '0000-00-00 00:00:00', '0000-00-00 00:00:00', NULL),
  (503, 1, 0, 'John', 'Varra', '', 'johnvarra@yahoo.com', '6099548873', '6099548873', 'XL', '', '', '', '', '', 0, 0, '', '0000-00-00 00:00:00', '0000-00-00 00:00:00', NULL),
  (504, 1, 0, 'Ed', 'Coates', '', 'edwtc@hotmail.com', '', '', '', '', '', '', '', '', 0, 0, '', '0000-00-00 00:00:00', '0000-00-00 00:00:00', NULL),
  (505, 1, 0, 'Rocky', 'Miller', '', 'rock1975nj@icloud.com', '', '', '2XL', '', '', '', '', '', 0, 0, '', '0000-00-00 00:00:00', '2015-09-25 18:37:31', NULL),
  (506, 1, 0, 'Ryan', 'Hatch', '', '', '', '', '', '', '', '', '', '', 0, 0, '', '0000-00-00 00:00:00', '0000-00-00 00:00:00', NULL),
  (507, 1, 0, 'Jerry', 'Warnsdoffer', '', 'jdog96@aol.com', '7329957262', '7329957262', '2XL', '', '', '', '', '', 0, 0, '', '0000-00-00 00:00:00', '0000-00-00 00:00:00', NULL),
  (508, 1, 0, 'John', 'George', '', '', '6092225970', '6092225970', 'L', '', '', '', '', '', 0, 0, '', '0000-00-00 00:00:00', '0000-00-00 00:00:00', NULL),
  (509, 1, 0, 'Chris', 'Bound', '', '', '', '', '', '', '', '', '', '', 0, 0, '', '0000-00-00 00:00:00', '0000-00-00 00:00:00', NULL),
  (510, 1, 0, 'John', 'Shanoskie', '', 'jski42@msn.com', '', '', '2XL', '', '', '', '', '', 0, 0, '', '0000-00-00 00:00:00', '0000-00-00 00:00:00', NULL),
  (511, 1, 0, 'Joey', 'Rivera', '', '', '', '', '', '', '', '', '', '', 0, 0, '', '0000-00-00 00:00:00', '0000-00-00 00:00:00', NULL),
  (512, 1, 0, 'Vince', 'Civila', '', '', '', '', '', '', '', '', '', '', 0, 0, '', '0000-00-00 00:00:00', '0000-00-00 00:00:00', NULL),
  (513, 1, 0, 'Eric', 'Morbito', '', '', '', '', '', '', '', '', '', '', 0, 0, '', '0000-00-00 00:00:00', '0000-00-00 00:00:00', NULL),
  (514, 1, 0, 'Craig', 'Constantini', '', '', '', '', '', '', '', '', '', '', 0, 0, '', '0000-00-00 00:00:00', '0000-00-00 00:00:00', NULL),
  (515, 1, 0, 'Scott', 'Catalfamo', '', '', '', '', '', '', '', '', '', '', 0, 0, '', '0000-00-00 00:00:00', '0000-00-00 00:00:00', NULL),
  (516, 1, 0, 'Matt', 'McBride', '', 'mcbride71@gmail.com', '6096477323', '6096477323', 'M', '', '', '', '', '', 0, 0, '', '0000-00-00 00:00:00', '0000-00-00 00:00:00', NULL),
  (517, 1, 0, 'Tom', 'Saddler', '', 'tsadd8@hotmail.com', '6092180847', '6092180847', 'L', '', '', '', '', '', 0, 0, '', '0000-00-00 00:00:00', '0000-00-00 00:00:00', NULL),
  (518, 1, 0, 'TJ', 'Lowden', '', 'websurfertj@aol.com', '', '', 'L', '', '', '', '', '', 0, 0, '', '0000-00-00 00:00:00', '0000-00-00 00:00:00', NULL),
  (519, 1, 0, 'Jerry', 'Coffey', '', 'decaf5@aol.com', '2159328023', '2159328023', 'XL', '', '', '', '', '', 0, 0, '', '0000-00-00 00:00:00', '0000-00-00 00:00:00', NULL),
  (520, 1, 0, 'Dave', 'Girton', '', 'dgirton17@gmail.com', '2679870731', '2679870731', 'L', '', '', '', '', '', 0, 0, '', '0000-00-00 00:00:00', '0000-00-00 00:00:00', NULL),
  (521, 1, 0, 'John', 'Jaremback', '', 'j67red@aol.com', '6098151986', '6098151986', 'L', '', '', '', '', '', 0, 0, '', '0000-00-00 00:00:00', '0000-00-00 00:00:00', NULL),
  (522, 1, 0, 'Zeke', 'Brozowski', '', '', '', '6098381470', 'XL', '', '', '', '', '', 0, 0, '', '0000-00-00 00:00:00', '2015-09-25 18:58:38', NULL),
  (523, 1, 0, 'C.J.', 'Peters', '', '', '', '', '', '', '', '', '', '', 0, 0, '', '0000-00-00 00:00:00', '0000-00-00 00:00:00', NULL),
  (524, 1, 0, 'Dave', 'Jolly', '', '', '', '', '', '', '', '', '', '', 0, 0, '', '0000-00-00 00:00:00', '0000-00-00 00:00:00', NULL),
  (525, 1, 0, 'Scott', '', '', '', '', '', '', '', '', '', '', '', 0, 0, '', '0000-00-00 00:00:00', '0000-00-00 00:00:00', NULL),
  (526, 1, 0, 'Matt', 'Roche', '', 'mroche82186@yahoo.com', '', '', '', '', '', '', '', '', 0, 0, '', '0000-00-00 00:00:00', '0000-00-00 00:00:00', NULL),
  (527, 1, 0, 'Todd', 'Faulkner', '', 'Tfaulkner2004@comcast.net', '', '', '', '', '', '', '', '', 0, 0, '', '0000-00-00 00:00:00', '0000-00-00 00:00:00', NULL),
  (528, 1, 0, 'Joe', 'Diefeabach', '', 'Joedief@yahoo.com', '', '', '', '', '', '', '', '', 0, 0, '', '0000-00-00 00:00:00', '0000-00-00 00:00:00', NULL),
  (529, 1, 0, 'Fred', 'Schultz', '', '', '', '', '', '', '', '', '', '', 0, 0, '', '0000-00-00 00:00:00', '0000-00-00 00:00:00', NULL),
  (530, 1, 0, 'Roger', 'Savage', '', 'Rsavage357@gmail.com', '6093514525', '6093514525', '2XL', '', '', '', '', '', 0, 0, '', '0000-00-00 00:00:00', '0000-00-00 00:00:00', NULL),
  (531, 1, 0, 'Bobbie', 'Strango', '', '', '', '', 'XL', '', '', '', '', '', 0, 0, '', '0000-00-00 00:00:00', '0000-00-00 00:00:00', NULL),
  (533, 1, 0, 'Dave', 'Hess', '', 'davesdeck10@aol.com', '6094682251', '6094682251', '', '', '', '', '', '', 0, 0, '', '0000-00-00 00:00:00', '0000-00-00 00:00:00', NULL),
  (534, 1, 0, 'Melissa', 'Hess', '', 'mrsmhess@aol.com', '6097314404', '6097314404', '', '', '', '', '', '', 0, 0, '', '0000-00-00 00:00:00', '0000-00-00 00:00:00', NULL),
  (535, 1, 0, 'Scott', 'Carmichael', '', '', '', '', '', '', '', '', '', '', 0, 0, '', '0000-00-00 00:00:00', '0000-00-00 00:00:00', NULL),
  (536, 1, 0, 'Jerome', 'Innocennzi', '', 'jerome.innocenzi@gmail.com', '', '6094379007', 'XL', '', '', '', '', '', 0, 0, '', '0000-00-00 00:00:00', '2015-09-25 19:02:10', NULL),
  (537, 1, 0, 'Mick', 'LeTourneaux', '', 'ballpeenbindery@gmail.com', '', '', '', '', '', '', '', '', 0, 0, '', '0000-00-00 00:00:00', '0000-00-00 00:00:00', NULL),
  (538, 1, 0, 'Allan', 'Regi', '', 'dregi1393@verizon.net', '6094399181', '6094399181', 'XL', '', '', '', '', '', 0, 0, '', '0000-00-00 00:00:00', '2015-09-25 18:55:47', NULL),
  (539, 1, 0, 'Scott', 'Neilson', '', 'scott_neilson@comcast.net', '6099338353', '6099338353', 'XL', '', '', '', '', '', 0, 0, '', '0000-00-00 00:00:00', '2015-09-25 18:56:27', NULL),
  (540, 1, 0, 'Dave', 'Cruz', '', '', '', '', 'M', '', '', '', '', '', 0, 0, '', '0000-00-00 00:00:00', '2015-09-25 18:52:02', NULL),
  (541, 1, 0, 'Colleen', 'Schaeffer', '', '', '6094626293', '6094626293', 'S', '', '', '', '', '', 0, 0, '', '0000-00-00 00:00:00', '2015-09-25 18:52:34', NULL),
  (542, 1, 0, 'Jason', 'Hiner', '', 'jay151hi@aol.com', '6092093004', '6092093004', 'M', '', '', '', '', '', 0, 0, '', '0000-00-00 00:00:00', '2015-09-25 17:55:21', NULL),
  (543, 1, 0, 'Matt', 'Skirzynski', '', 'matthewskirzynski@gmail.com', '6096497320', '6096497320', 'XL', '', '', '', '', '', 0, 0, '', '0000-00-00 00:00:00', '2015-09-25 17:56:29', NULL),
  (544, 1, 0, 'Bill', 'Jones', '', 'bwjones37@gmail.com', '6094629681', '6094629681', '', '', '', '', '', '', 0, 0, '', '0000-00-00 00:00:00', '0000-00-00 00:00:00', NULL),
  (545, 1, 0, 'Tom', 'Falkenburg', '', '', '6095036435', '6095036435', '', '', '', '', '', '', 0, 0, '', '0000-00-00 00:00:00', '0000-00-00 00:00:00', NULL),
  (546, 1, 0, 'Scott', 'Hahn', '', '', '', '', '', '', '', '', '', '', 0, 0, '', '0000-00-00 00:00:00', '0000-00-00 00:00:00', NULL),
  (547, 1, 0, 'Ray', 'Blanchfield', '', 'Raymond_Blanchfield@farmfamily.com', '', '', '', '', '', '', '', '', 0, 0, '', '0000-00-00 00:00:00', '2015-09-25 18:40:19', NULL),
  (548, 1, 0, 'Rob', 'Henderson', '', 'bcc0013@aol.com', '', '', '', '', '', '', '', '', 0, 0, '', '0000-00-00 00:00:00', '0000-00-00 00:00:00', NULL),
  (549, 1, 0, 'Matt', 'Talar', '', 'keithstone85@yahoo.com', '6094689403', '6094689403', '', '', '', '', '', '', 0, 0, '', '0000-00-00 00:00:00', '0000-00-00 00:00:00', NULL),
  (550, 1, 0, 'Josh', 'Lloyd', '', 'josh.lloyd727@gmail.com', '', '6093460801', 'L', '', '', '', '', '', 0, 0, '', '0000-00-00 00:00:00', '2015-09-25 18:36:58', NULL),
  (551, 1, 0, 'Aaron', '???', '', '', '', '', '', '', '', '', '', '', 0, 0, '', '0000-00-00 00:00:00', '0000-00-00 00:00:00', NULL),
  (552, 1, 0, 'Derek', 'Deiterman', '', '', '', '', '', '', '', '', '', '', 0, 0, '', '0000-00-00 00:00:00', '0000-00-00 00:00:00', NULL),
  (553, 1, 0, 'Gary', 'McGann', '', '', '', '', '', '', '', '', '', '', 0, 0, '', '0000-00-00 00:00:00', '0000-00-00 00:00:00', NULL),
  (554, 1, 0, 'Ray', 'Mongillo', '', 'rpmx1g@yahoo.com', '', '', 'XL', '', '', '', '', '', 0, 0, '', '0000-00-00 00:00:00', '2015-09-25 18:58:12', NULL),
  (555, 1, 0, 'Jon', 'Vogel', '', '', '', '', '', '', '', '', '', '', 0, 0, '', '0000-00-00 00:00:00', '0000-00-00 00:00:00', NULL),
  (556, 1, 0, 'Mary', 'Thomas', '', 'mfm723@gmail.com', '', '6097514330', 'M', '', '', '', '', '', 0, 0, '', '2015-09-18 19:27:48', '2015-09-25 18:51:21', NULL),
  (557, 1, 0, 'Benigno', 'Aquino', '', 'littlefella81@yahoo.com', '7326048804', '7326048804', 'M', '', '', '', '', '', 0, 0, '', '2015-09-19 00:44:08', '2015-09-25 18:15:23', NULL),
  (558, 1, 0, 'Ryan', 'McNamara', '', 'ryanmc86@gmail.com', '', '', 'S', '', '', '', '', '', 0, 0, '', '2015-09-19 00:47:59', '2015-09-19 00:47:59', NULL),
  (559, 1, 0, 'Dana', 'Gilman', '', 'dleegliman@gmail.com', '', '', '2XL', '', '', '', '', '', 0, 0, '', '2015-09-19 00:50:07', '2015-09-19 00:50:07', NULL),
  (560, 1, 0, 'Tim', 'Starkey', '', '', '', '6095789499', '', '', '', '', '', '', 0, 0, '', '2015-09-19 00:53:15', '2015-09-25 18:38:05', NULL),
  (561, 1, 0, 'Gabe', 'Aguilar Jr.', '', '', '', '6099691101', '', '', '', '', '', '', 0, 0, '', '2015-09-19 00:54:37', '2015-09-25 18:36:25', NULL),
  (562, 1, 0, 'Jerome', 'Roche', '', '', '', '', '', '', '', '', '', '', 0, 0, '', '2015-09-19 00:55:54', '2015-09-19 00:55:54', NULL),
  (563, 1, 0, 'Matt', 'Boone', '', '', '', '', '', '', '', '', '', '', 0, 0, '', '2015-09-19 00:56:45', '2015-09-19 00:56:45', NULL),
  (564, 1, 0, 'Rob', 'Nagy', '', 'robnag@verizon.net', '', '', 'XL', '', '', '', '', '', 0, 0, '', '2015-09-19 00:58:16', '2015-09-19 00:58:16', NULL),
  (565, 1, 0, 'Kenny', 'Snook', '', '', '', '', '', '', '', '', '', '', 0, 0, '', '2015-09-19 01:00:54', '2015-09-19 01:00:54', NULL),
  (566, 1, 0, 'Don', 'Thompson', '', 'juanny39@yahoo.com', '', '8565774280', '2XL', '', '', '', '', '', 0, 0, '', '2015-09-19 01:06:20', '2015-09-25 18:59:28', NULL),
  (567, 1, 0, 'Neil', 'Mayonos', '', '', '', '', '', '', '', '', '', '', 0, 0, '', '2015-09-19 01:10:17', '2015-09-19 01:10:17', NULL),
  (568, 1, 0, 'Eric', 'Loeffler', '', 'lakloef@yahoo.com', '6093068074', '6093068074', '2X', '', '', '', '', '', 0, 0, '', '2015-09-25 17:57:50', '2015-09-28 00:56:38', NULL),
  (569, 1, 0, 'Scott', 'Stephan', '', 'nascarfanforlife@yahoo.com', '', '6094681597', 'XL', '', '', '', '', '', 0, 0, '', '2015-09-25 17:59:09', '2015-09-25 17:59:09', NULL),
  (570, 1, 0, 'Alan', 'Pomykala', '', 'Adpomykala@yahoo.com', '', '6096586883', 'M', '', '', '', '', '', 0, 0, '', '2015-09-25 17:59:45', '2015-09-25 17:59:45', NULL),
  (571, 1, 0, 'Bob', 'Wilson', '', '', '', '6098024447', '3X', '', '', '', '', '', 0, 0, '', '2015-09-25 18:00:18', '2015-09-25 18:00:18', NULL),
  (572, 1, 0, 'Keith', 'Kuziora', '', 'kkuziora@msn.com', '', '6096475201', '2X', '', '', '', '', '', 0, 0, '', '2015-09-25 18:00:49', '2015-09-25 18:00:49', NULL),
  (573, 1, 0, 'Mike', 'Leggio', '', '', '', '6099639475', 'XL', '', '', '', '', '', 0, 0, '', '2015-09-25 18:01:06', '2015-09-25 18:01:06', NULL),
  (574, 1, 0, 'Irene', 'Reid', '', '', '', '6099776750', 'M', '', '', '', '', '', 0, 0, '', '2015-09-25 18:05:47', '2015-09-25 18:05:47', NULL),
  (575, 1, 0, 'Jeff', 'Sikora', '', '', '', '', 'L', '', '', '', '', '', 0, 0, '', '2015-09-25 18:42:12', '2015-09-25 18:42:12', NULL),
  (576, 1, 0, 'Tim', 'Cowell', '', '', '', '', 'L', '', '', '', '', '', 0, 0, '', '2015-09-25 18:42:43', '2015-09-25 18:42:43', NULL),
  (577, 1, 0, 'Tim', 'Incenbrandt', '', '', '', '', '2XL', '', '', '', '', '', 0, 0, '', '2015-09-25 18:42:57', '2015-09-25 18:42:57', NULL),
  (578, 1, 0, 'Randy', '', '', '', '', '', '', '', '', '', '', '', 0, 0, '', '2015-09-25 18:45:53', '2015-09-25 18:45:53', NULL),
  (579, 1, 0, 'Tom', 'K', '', '', '', '', '', '', '', '', '', '', 0, 0, '', '2015-09-25 18:48:12', '2015-09-25 18:48:12', NULL),
  (580, 1, 0, 'Joe', 'Wyszynski', '', 'budmanwiz213@msn.com', '', '6096102091', '2X', '', '', '', '', '', 0, 0, '', '2015-10-05 08:08:39', '2015-10-05 08:08:39', NULL);
/*!40000 ALTER TABLE `players` ENABLE KEYS */;
UNLOCK TABLES;

LOCK TABLES `match_types` WRITE;
/*!40000 ALTER TABLE `match_types` DISABLE KEYS */;
INSERT INTO `match_types` (`id`, `name`, `deleted_at`, `created_at`, `updated_at`) VALUES
(1, 'Winter Season', NULL, '2015-09-05 21:47:28', '2015-09-05 21:47:28');
/*!40000 ALTER TABLE `match_types` ENABLE KEYS */;
UNLOCK TABLES;


LOCK TABLES `match_type_game_rules` WRITE;
/*!40000 ALTER TABLE `match_type_game_rules` DISABLE KEYS */;
INSERT INTO `match_type_game_rules` (`id`, `matchTypeId`, `gameType`, `doubleIn`, `doubleOut`, `orderId`, `bestOfNumberOfLegs`, `numberOfLegs`, `whoStarts`, `numberOfPlayers`, `gamePointValue`, `legPointValue`, `forfeitIfNoPlayers`, `groupName`, `created_at`, `updated_at`, `deleted_at`) VALUES
(1, 1, '301', 1, 1, 4, 0, 1, 'A', 1, 1, 0, 1, '301', '2015-09-02 17:08:01', '2015-09-02 17:08:01', NULL),
(2, 1, '301', 1, 1, 5, 0, 1, 'H', 1, 1, 0, 1, '301', '2015-09-02 17:08:28', '2015-09-02 17:08:28', NULL),
(3, 1, '301', 1, 1, 6, 0, 1, 'A', 1, 1, 0, 1, '301', '2015-09-02 17:08:34', '2015-09-02 17:08:34', NULL),
(4, 1, 'cricket', 0, 0, 1, 0, 1, 'H', 1, 1, 0, 1, 'Cricket', '2015-09-02 17:09:10', '2015-09-02 17:09:10', NULL),
(5, 1, 'cricket', 0, 0, 2, 0, 1, 'A', 1, 1, 0, 1, 'Cricket', '2015-09-02 17:09:15', '2015-09-02 17:09:15', NULL),
(6, 1, 'cricket', 0, 0, 3, 0, 1, 'H', 1, 1, 0, 1, 'Cricket', '2015-09-02 17:09:20', '2015-09-02 17:09:20', NULL),
(7, 1, 'doublecricket', 0, 0, 7, 0, 1, 'A', 2, 2, 0, 1, 'Double Cricket', '2015-09-02 17:11:00', '2015-09-02 17:11:00', NULL),
(8, 1, 'doublecricket', 0, 0, 8, 0, 1, 'H', 2, 2, 0, 1, 'Double Cricket', '2015-09-02 17:11:10', '2015-09-02 17:11:10', NULL),
(9, 1, 'doublecricket', 0, 0, 9, 0, 1, 'A', 2, 2, 0, 1, 'Double Cricket', '2015-09-02 17:11:19', '2015-09-02 17:11:19', NULL),
(10, 1, '801', 0, 1, 10, 0, 1, '', 3, 3, 0, 1, 'Triples 801', '2015-09-02 17:11:44', '2015-09-02 17:11:44', NULL),
(11, 1, '501', 0, 1, 11, 0, 1, 'A', 2, 2, 0, 1, 'Double 501', '2015-09-02 17:12:05', '2015-09-02 17:12:05', NULL),
(12, 1, '501', 0, 1, 12, 0, 1, 'H', 2, 2, 0, 1, 'Double 501', '2015-09-02 17:12:11', '2015-09-02 17:12:11', NULL),
(13, 1, '501', 0, 1, 13, 0, 1, 'A', 2, 2, 0, 1, 'Double 501', '2015-09-02 17:12:22', '2015-09-02 17:12:22', NULL),
(14, 1, 'cricket', 0, 0, 14, 0, 1, 'H', 1, 1, 0, 1, 'Cricket', '2015-09-02 17:12:47', '2015-09-02 17:12:47', NULL),
(15, 1, 'cricket', 0, 0, 15, 0, 1, 'A', 1, 1, 0, 1, 'Cricket', '2015-09-02 17:12:57', '2015-09-02 17:12:57', NULL),
(16, 1, 'cricket', 0, 0, 16, 0, 1, 'H', 1, 1, 0, 1, 'Cricket', '2015-09-02 17:13:03', '2015-09-02 17:13:03', NULL),
(17, 1, '301', 1, 1, 17, 0, 1, 'A', 1, 1, 0, 1, '301', '2015-09-02 17:13:28', '2015-09-02 17:13:28', NULL),
(18, 1, '301', 1, 1, 18, 0, 1, 'H', 1, 1, 0, 1, '301', '2015-09-02 17:13:33', '2015-09-02 17:13:33', NULL),
(19, 1, '301', 1, 1, 19, 0, 1, 'A', 1, 1, 0, 1, '301', '2015-09-02 17:13:38', '2015-09-02 17:13:38', NULL);
/*!40000 ALTER TABLE `match_type_game_rules` ENABLE KEYS */;
UNLOCK TABLES;

LOCK TABLES `board_members` WRITE;
/*!40000 ALTER TABLE `board_members` DISABLE KEYS */;
INSERT INTO `board_members` (`id`, `leagueId`, `userId`, `name`, `position`, `startingSeason`, `endingSeason`, `deleted_at`, `created_at`, `updated_at`) VALUES
(1, 1, 1, 'John Meade', 'Web Dev', '2015-2016', 'Current', NULL, '2015-09-05 20:34:09', '2015-09-15 05:03:05'),
(2, 1, NULL, 'John Lewandowski', 'President', '2013', 'Current', NULL, '2015-09-06 00:42:18', '2015-09-06 00:42:18'),
(3, 1, NULL, 'Pat Velenger', 'Vice-President', '2014-2015', 'Current', NULL, '2015-09-06 00:42:43', '2015-09-06 00:42:43'),
(4, 1, NULL, 'Bob Kuppler', 'Treasurer', '2014-2015', 'Current', NULL, '2015-09-06 00:43:33', '2015-09-06 00:43:33'),
(5, 1, NULL, 'Tony Kenny', 'Officer', 'Before Recordkeeping', 'Current', NULL, '2015-09-06 00:43:59', '2015-09-06 00:43:59'),
(6, 1, 2, 'John Tedder', 'Statistician', '2014-2015', 'Current', NULL, '2015-09-06 00:44:42', '2015-09-15 05:03:14'),
(7, 1, 3, 'Gary Yourman', 'Special Events Coordinator', 'Before Recordkeeping', 'Current', NULL, '2015-09-06 00:45:09', '2015-09-24 19:11:35'),
(8, 1, NULL, 'Bill Cobb', 'Immediate Past President', '2013-2014', 'Current', NULL, '2015-09-06 00:45:46', '2015-09-06 00:45:46');
/*!40000 ALTER TABLE `board_members` ENABLE KEYS */;
UNLOCK TABLES;